mode_name,config_name,timestamp,equity
CONFIG_A,CONFIG_A,1772496000000,10000.000000
CONFIG_A,CONFIG_A,1772499600000,10000.000000
CONFIG_A,CONFIG_A,1772503200000,10000.000000
CONFIG_A,CONFIG_A,1772506800000,10000.000000
CONFIG_A,CONFIG_A,1772510400000,10000.000000
CONFIG_A,CONFIG_A,1772514000000,10000.000000
CONFIG_A,CONFIG_A,1772517600000,10000.000000
CONFIG_A,CONFIG_A,1772521200000,10000.000000
CONFIG_A,CONFIG_A,1772524800000,10000.000000
CONFIG_A,CONFIG_A,1772528400000,10000.000000
CONFIG_A,CONFIG_A,1772532000000,10000.000000
CONFIG_A,CONFIG_A,1772535600000,10000.000000
CONFIG_A,CONFIG_A,1772539200000,10000.000000
CONFIG_A,CONFIG_A,1772542800000,10000.000000
CONFIG_A,CONFIG_A,1772546400000,10000.000000
CONFIG_A,CONFIG_A,1772550000000,10000.000000
CONFIG_A,CONFIG_A,1772553600000,10000.000000
CONFIG_A,CONFIG_A,1772557200000,10000.000000
CONFIG_A,CONFIG_A,1772560800000,10000.000000
CONFIG_A,CONFIG_A,1772564400000,10000.000000
CONFIG_A,CONFIG_A,1772568000000,10000.000000
CONFIG_A,CONFIG_A,1772571600000,10000.000000
CONFIG_A,CONFIG_A,1772575200000,10000.000000
CONFIG_A,CONFIG_A,1772578800000,10000.000000
CONFIG_A,CONFIG_A,1772582400000,10000.000000
CONFIG_A,CONFIG_A,1772586000000,10000.000000
CONFIG_A,CONFIG_A,1772589600000,10000.000000
CONFIG_A,CONFIG_A,1772593200000,10000.000000
CONFIG_A,CONFIG_A,1772596800000,10000.000000
CONFIG_A,CONFIG_A,1772600400000,10000.000000
CONFIG_A,CONFIG_A,1772604000000,10000.000000
CONFIG_A,CONFIG_A,1772607600000,10000.000000
CONFIG_A,CONFIG_A,1772611200000,10000.000000
CONFIG_A,CONFIG_A,1772614800000,10000.000000
CONFIG_A,CONFIG_A,1772618400000,10000.000000
CONFIG_A,CONFIG_A,1772622000000,10000.000000
CONFIG_A,CONFIG_A,1772625600000,10000.000000
CONFIG_A,CONFIG_A,1772629200000,10000.000000
CONFIG_A,CONFIG_A,1772632800000,10000.000000
CONFIG_A,CONFIG_A,1772636400000,10000.000000
CONFIG_A,CONFIG_A,1772640000000,10000.000000
CONFIG_A,CONFIG_A,1772643600000,10000.000000
CONFIG_A,CONFIG_A,1772647200000,10000.000000
CONFIG_A,CONFIG_A,1772650800000,10000.000000
CONFIG_A,CONFIG_A,1772654400000,10000.000000
CONFIG_A,CONFIG_A,1772658000000,10000.000000
CONFIG_A,CONFIG_A,1772661600000,10000.000000
CONFIG_A,CONFIG_A,1772665200000,10000.000000
CONFIG_A,CONFIG_A,1772668800000,10000.000000
CONFIG_A,CONFIG_A,1772672400000,9992.508741
CONFIG_A,CONFIG_A,1772676000000,9990.269849
CONFIG_A,CONFIG_A,1772679600000,9989.698598
CONFIG_A,CONFIG_A,1772683200000,10011.572009
CONFIG_A,CONFIG_A,1772686800000,9976.324301
CONFIG_A,CONFIG_A,1772690400000,9976.324301
CONFIG_A,CONFIG_A,1772694000000,9976.324301
CONFIG_A,CONFIG_A,1772697600000,9976.324301
CONFIG_A,CONFIG_A,1772701200000,9976.324301
CONFIG_A,CONFIG_A,1772704800000,9976.324301
CONFIG_A,CONFIG_A,1772708400000,9976.324301
CONFIG_A,CONFIG_A,1772712000000,9976.324301
CONFIG_A,CONFIG_A,1772715600000,9976.324301
CONFIG_A,CONFIG_A,1772719200000,9976.324301
CONFIG_A,CONFIG_A,1772722800000,9976.324301
CONFIG_A,CONFIG_A,1772726400000,9976.324301
CONFIG_A,CONFIG_A,1772730000000,9976.324301
CONFIG_A,CONFIG_A,1772733600000,9976.324301
CONFIG_A,CONFIG_A,1772737200000,9976.324301
CONFIG_A,CONFIG_A,1772740800000,9976.324301
CONFIG_A,CONFIG_A,1772744400000,9976.324301
CONFIG_A,CONFIG_A,1772748000000,9976.324301
CONFIG_A,CONFIG_A,1772751600000,9976.324301
CONFIG_A,CONFIG_A,1772755200000,9976.324301
CONFIG_A,CONFIG_A,1772758800000,9976.324301
CONFIG_A,CONFIG_A,1772762400000,9976.324301
CONFIG_A,CONFIG_A,1772766000000,9976.324301
CONFIG_A,CONFIG_A,1772769600000,9976.324301
CONFIG_A,CONFIG_A,1772773200000,9976.324301
CONFIG_A,CONFIG_A,1772776800000,9976.324301
CONFIG_A,CONFIG_A,1772780400000,9976.324301
CONFIG_A,CONFIG_A,1772784000000,9976.324301
CONFIG_A,CONFIG_A,1772787600000,9976.324301
CONFIG_A,CONFIG_A,1772791200000,9976.324301
CONFIG_A,CONFIG_A,1772794800000,9976.324301
CONFIG_A,CONFIG_A,1772798400000,9976.324301
CONFIG_A,CONFIG_A,1772802000000,9976.324301
CONFIG_A,CONFIG_A,1772805600000,9976.324301
CONFIG_A,CONFIG_A,1772809200000,9976.324301
CONFIG_A,CONFIG_A,1772812800000,9976.324301
CONFIG_A,CONFIG_A,1772816400000,9976.324301
CONFIG_A,CONFIG_A,1772820000000,9976.324301
CONFIG_A,CONFIG_A,1772823600000,9976.324301
CONFIG_A,CONFIG_A,1772827200000,9976.324301
CONFIG_A,CONFIG_A,1772830800000,9976.324301
CONFIG_A,CONFIG_A,1772834400000,9976.324301
CONFIG_A,CONFIG_A,1772838000000,9976.324301
CONFIG_A,CONFIG_A,1772841600000,9976.324301
CONFIG_A,CONFIG_A,1772845200000,9976.324301
CONFIG_A,CONFIG_A,1772848800000,9976.324301
CONFIG_A,CONFIG_A,1772852400000,9976.324301
CONFIG_A,CONFIG_A,1772856000000,9976.324301
CONFIG_A,CONFIG_A,1772859600000,9976.324301
CONFIG_A,CONFIG_A,1772863200000,9976.324301
CONFIG_A,CONFIG_A,1772866800000,9976.324301
CONFIG_A,CONFIG_A,1772870400000,9976.324301
CONFIG_A,CONFIG_A,1772874000000,9976.324301
CONFIG_A,CONFIG_A,1772877600000,9976.324301
CONFIG_A,CONFIG_A,1772881200000,9976.324301
CONFIG_A,CONFIG_A,1772884800000,9976.324301
CONFIG_A,CONFIG_A,1772888400000,9976.324301
CONFIG_A,CONFIG_A,1772892000000,9976.324301
CONFIG_A,CONFIG_A,1772895600000,9976.324301
CONFIG_A,CONFIG_A,1772899200000,9976.324301
CONFIG_A,CONFIG_A,1772902800000,9976.324301
CONFIG_A,CONFIG_A,1772906400000,9976.324301
CONFIG_A,CONFIG_A,1772910000000,9976.324301
CONFIG_A,CONFIG_A,1772913600000,9976.324301
CONFIG_A,CONFIG_A,1772917200000,9976.324301
CONFIG_A,CONFIG_A,1772920800000,9976.324301
CONFIG_A,CONFIG_A,1772924400000,9976.324301
CONFIG_A,CONFIG_A,1772928000000,9976.324301
CONFIG_A,CONFIG_A,1772931600000,9976.324301
CONFIG_A,CONFIG_A,1772935200000,9976.324301
CONFIG_A,CONFIG_A,1772938800000,9976.324301
CONFIG_A,CONFIG_A,1772942400000,9976.324301
CONFIG_A,CONFIG_A,1772946000000,9976.324301
CONFIG_A,CONFIG_A,1772949600000,9976.324301
CONFIG_A,CONFIG_A,1772953200000,9976.324301
CONFIG_A,CONFIG_A,1772956800000,9976.324301
CONFIG_A,CONFIG_A,1772960400000,9976.324301
CONFIG_A,CONFIG_A,1772964000000,9976.324301
CONFIG_A,CONFIG_A,1772967600000,9976.324301
CONFIG_A,CONFIG_A,1772971200000,9976.324301
CONFIG_A,CONFIG_A,1772974800000,9976.324301
CONFIG_A,CONFIG_A,1772978400000,9976.324301
CONFIG_A,CONFIG_A,1772982000000,9976.324301
CONFIG_A,CONFIG_A,1772985600000,9976.324301
CONFIG_A,CONFIG_A,1772989200000,9976.324301
CONFIG_A,CONFIG_A,1772992800000,9976.324301
CONFIG_A,CONFIG_A,1772996400000,9976.324301
CONFIG_A,CONFIG_A,1773000000000,9976.324301
CONFIG_A,CONFIG_A,1773003600000,9976.324301
CONFIG_A,CONFIG_A,1773007200000,9976.324301
CONFIG_A,CONFIG_A,1773010800000,9976.324301
CONFIG_A,CONFIG_A,1773014400000,9976.324301
CONFIG_A,CONFIG_A,1773018000000,9976.324301
CONFIG_A,CONFIG_A,1773021600000,9976.324301
CONFIG_A,CONFIG_A,1773025200000,9976.324301
CONFIG_A,CONFIG_A,1773028800000,9976.324301
CONFIG_A,CONFIG_A,1773032400000,9976.324301
CONFIG_A,CONFIG_A,1773036000000,9976.324301
CONFIG_A,CONFIG_A,1773039600000,9976.324301
CONFIG_A,CONFIG_A,1773043200000,9976.324301
CONFIG_A,CONFIG_A,1773046800000,9968.850778
CONFIG_A,CONFIG_A,1773050400000,9941.530668
CONFIG_A,CONFIG_A,1773054000000,9953.022419
CONFIG_A,CONFIG_A,1773057600000,9981.372648
CONFIG_A,CONFIG_A,1773061200000,10041.748854
CONFIG_A,CONFIG_A,1773064800000,10054.607015
CONFIG_A,CONFIG_A,1773068400000,10033.518166
CONFIG_A,CONFIG_A,1773072000000,10040.585392
CONFIG_A,CONFIG_A,1773075600000,10014.252906
CONFIG_A,CONFIG_A,1773079200000,9996.351123
CONFIG_A,CONFIG_A,1773082800000,10042.915980
CONFIG_A,CONFIG_A,1773086400000,10040.701885
CONFIG_A,CONFIG_A,1773090000000,10037.625451
CONFIG_A,CONFIG_A,1773093600000,10016.829666
CONFIG_A,CONFIG_A,1773097200000,10001.903943
CONFIG_A,CONFIG_A,1773100800000,10055.037085
CONFIG_A,CONFIG_A,1773104400000,10062.557094
CONFIG_A,CONFIG_A,1773108000000,10136.702155
CONFIG_A,CONFIG_A,1773111600000,10075.000570
CONFIG_A,CONFIG_A,1773115200000,10122.117118
CONFIG_A,CONFIG_A,1773118800000,10114.673306
CONFIG_A,CONFIG_A,1773122400000,10110.245849
CONFIG_A,CONFIG_A,1773126000000,10146.519782
CONFIG_A,CONFIG_A,1773129600000,10168.745717
CONFIG_A,CONFIG_A,1773133200000,10195.821119
CONFIG_A,CONFIG_A,1773136800000,10173.483820
CONFIG_A,CONFIG_A,1773140400000,10159.336181
CONFIG_A,CONFIG_A,1773144000000,10154.861101
CONFIG_A,CONFIG_A,1773147600000,10110.993894
CONFIG_A,CONFIG_A,1773151200000,10205.003616
CONFIG_A,CONFIG_A,1773154800000,10196.324828
CONFIG_A,CONFIG_A,1773158400000,10190.790807
CONFIG_A,CONFIG_A,1773162000000,10141.365045
CONFIG_A,CONFIG_A,1773165600000,10078.123326
CONFIG_A,CONFIG_A,1773169200000,10080.263617
CONFIG_A,CONFIG_A,1773172800000,10094.069788
CONFIG_A,CONFIG_A,1773176400000,10052.558526
CONFIG_A,CONFIG_A,1773180000000,10052.558526
CONFIG_A,CONFIG_A,1773183600000,10052.558526
CONFIG_A,CONFIG_A,1773187200000,10052.558526
CONFIG_A,CONFIG_A,1773190800000,10052.558526
CONFIG_A,CONFIG_A,1773194400000,10052.558526
CONFIG_A,CONFIG_A,1773198000000,10052.558526
CONFIG_A,CONFIG_A,1773201600000,10052.558526
CONFIG_A,CONFIG_A,1773205200000,10052.558526
CONFIG_A,CONFIG_A,1773208800000,10052.558526
CONFIG_A,CONFIG_A,1773212400000,10052.558526
CONFIG_A,CONFIG_A,1773216000000,10052.558526
CONFIG_A,CONFIG_A,1773219600000,10052.558526
CONFIG_A,CONFIG_A,1773223200000,10052.558526
CONFIG_A,CONFIG_A,1773226800000,10052.558526
CONFIG_A,CONFIG_A,1773230400000,10052.558526
CONFIG_A,CONFIG_A,1773234000000,10052.558526
CONFIG_A,CONFIG_A,1773237600000,10052.558526
CONFIG_A,CONFIG_A,1773241200000,10045.027894
CONFIG_A,CONFIG_A,1773244800000,10069.525662
CONFIG_A,CONFIG_A,1773248400000,10084.910374
CONFIG_A,CONFIG_A,1773252000000,10072.879455
CONFIG_A,CONFIG_A,1773255600000,10074.607448
CONFIG_A,CONFIG_A,1773259200000,10074.117207
CONFIG_A,CONFIG_A,1773262800000,10081.713802
CONFIG_A,CONFIG_A,1773266400000,10055.397282
CONFIG_A,CONFIG_A,1773270000000,10042.451627
CONFIG_A,CONFIG_A,1773273600000,10044.844232
CONFIG_A,CONFIG_A,1773277200000,10017.400015
CONFIG_A,CONFIG_A,1773280800000,9989.870606
CONFIG_A,CONFIG_A,1773284400000,9989.870606
CONFIG_A,CONFIG_A,1773288000000,9989.870606
CONFIG_A,CONFIG_A,1773291600000,9989.870606
CONFIG_A,CONFIG_A,1773295200000,9989.870606
CONFIG_A,CONFIG_A,1773298800000,9989.870606
CONFIG_A,CONFIG_A,1773302400000,9989.870606
CONFIG_A,CONFIG_A,1773306000000,9989.870606
CONFIG_A,CONFIG_A,1773309600000,9989.870606
CONFIG_A,CONFIG_A,1773313200000,9989.870606
CONFIG_A,CONFIG_A,1773316800000,9989.870606
CONFIG_A,CONFIG_A,1773320400000,9989.870606
CONFIG_A,CONFIG_A,1773324000000,9989.870606
CONFIG_A,CONFIG_A,1773327600000,9989.870606
CONFIG_A,CONFIG_A,1773331200000,9989.870606
CONFIG_A,CONFIG_A,1773334800000,9989.870606
CONFIG_A,CONFIG_A,1773338400000,9989.870606
CONFIG_A,CONFIG_A,1773342000000,9989.870606
CONFIG_A,CONFIG_A,1773345600000,9989.870606
CONFIG_A,CONFIG_A,1773349200000,9989.870606
CONFIG_A,CONFIG_A,1773352800000,9989.870606
CONFIG_A,CONFIG_A,1773356400000,9989.870606
CONFIG_A,CONFIG_A,1773360000000,9989.870606
CONFIG_A,CONFIG_A,1773363600000,9989.870606
CONFIG_A,CONFIG_A,1773367200000,9989.870606
CONFIG_A,CONFIG_A,1773370800000,9989.870606
CONFIG_A,CONFIG_A,1773374400000,9989.870606
CONFIG_A,CONFIG_A,1773378000000,9989.870606
CONFIG_A,CONFIG_A,1773381600000,9989.870606
CONFIG_A,CONFIG_A,1773385200000,9989.870606
CONFIG_A,CONFIG_A,1773388800000,9989.870606
CONFIG_A,CONFIG_A,1773392400000,9989.870606
CONFIG_A,CONFIG_A,1773396000000,9989.870606
CONFIG_A,CONFIG_A,1773399600000,9989.870606
CONFIG_A,CONFIG_A,1773403200000,9989.870606
CONFIG_A,CONFIG_A,1773406800000,9989.870606
CONFIG_A,CONFIG_A,1773410400000,9989.870606
CONFIG_A,CONFIG_A,1773414000000,9989.870606
CONFIG_A,CONFIG_A,1773417600000,9989.870606
CONFIG_A,CONFIG_A,1773421200000,9989.870606
CONFIG_A,CONFIG_A,1773424800000,9989.870606
CONFIG_A,CONFIG_A,1773428400000,9989.870606
CONFIG_A,CONFIG_A,1773432000000,9989.870606
CONFIG_A,CONFIG_A,1773435600000,9989.870606
CONFIG_A,CONFIG_A,1773439200000,9989.870606
CONFIG_A,CONFIG_A,1773442800000,9989.870606
CONFIG_A,CONFIG_A,1773446400000,9989.870606
CONFIG_A,CONFIG_A,1773450000000,9989.870606
CONFIG_A,CONFIG_A,1773453600000,9989.870606
CONFIG_A,CONFIG_A,1773457200000,9989.870606
CONFIG_A,CONFIG_A,1773460800000,9989.870606
CONFIG_A,CONFIG_A,1773464400000,9989.870606
CONFIG_A,CONFIG_A,1773468000000,9989.870606
CONFIG_A,CONFIG_A,1773471600000,9989.870606
CONFIG_A,CONFIG_A,1773475200000,9989.870606
CONFIG_A,CONFIG_A,1773478800000,9989.870606
CONFIG_A,CONFIG_A,1773482400000,9989.870606
CONFIG_A,CONFIG_A,1773486000000,9989.870606
CONFIG_A,CONFIG_A,1773489600000,9989.870606
CONFIG_A,CONFIG_A,1773493200000,9989.870606
CONFIG_A,CONFIG_A,1773496800000,9989.870606
CONFIG_A,CONFIG_A,1773500400000,9989.870606
CONFIG_A,CONFIG_A,1773504000000,9989.870606
CONFIG_A,CONFIG_A,1773507600000,9989.870606
CONFIG_A,CONFIG_A,1773511200000,9989.870606
CONFIG_A,CONFIG_A,1773514800000,9989.870606
CONFIG_A,CONFIG_A,1773518400000,9989.870606
CONFIG_A,CONFIG_A,1773522000000,9989.870606
CONFIG_A,CONFIG_A,1773525600000,9989.870606
CONFIG_A,CONFIG_A,1773529200000,9989.870606
CONFIG_A,CONFIG_A,1773532800000,9989.870606
CONFIG_A,CONFIG_A,1773536400000,9989.870606
CONFIG_A,CONFIG_A,1773540000000,9989.870606
CONFIG_A,CONFIG_A,1773543600000,9989.870606
CONFIG_A,CONFIG_A,1773547200000,9989.870606
CONFIG_A,CONFIG_A,1773550800000,9989.870606
CONFIG_A,CONFIG_A,1773554400000,9989.870606
CONFIG_A,CONFIG_A,1773558000000,9989.870606
CONFIG_A,CONFIG_A,1773561600000,9989.870606
CONFIG_A,CONFIG_A,1773565200000,9989.870606
CONFIG_A,CONFIG_A,1773568800000,9989.870606
CONFIG_A,CONFIG_A,1773572400000,9989.870606
CONFIG_A,CONFIG_A,1773576000000,9989.870606
CONFIG_A,CONFIG_A,1773579600000,9989.870606
CONFIG_A,CONFIG_A,1773583200000,9989.870606
CONFIG_A,CONFIG_A,1773586800000,9989.870606
CONFIG_A,CONFIG_A,1773590400000,9989.870606
CONFIG_A,CONFIG_A,1773594000000,9989.870606
CONFIG_A,CONFIG_A,1773597600000,9989.870606
CONFIG_A,CONFIG_A,1773601200000,9989.870606
CONFIG_A,CONFIG_A,1773604800000,9989.870606
CONFIG_A,CONFIG_A,1773608400000,9989.870606
CONFIG_A,CONFIG_A,1773612000000,9989.870606
CONFIG_A,CONFIG_A,1773615600000,9989.870606
CONFIG_A,CONFIG_A,1773619200000,9989.870606
CONFIG_A,CONFIG_A,1773622800000,9989.870606
CONFIG_A,CONFIG_A,1773626400000,9989.870606
CONFIG_A,CONFIG_A,1773630000000,9989.870606
CONFIG_A,CONFIG_A,1773633600000,9989.870606
CONFIG_A,CONFIG_A,1773637200000,9989.870606
CONFIG_A,CONFIG_A,1773640800000,9989.870606
CONFIG_A,CONFIG_A,1773644400000,9989.870606
CONFIG_A,CONFIG_A,1773648000000,9989.870606
CONFIG_A,CONFIG_A,1773651600000,9989.870606
CONFIG_A,CONFIG_A,1773655200000,9989.870606
CONFIG_A,CONFIG_A,1773658800000,9989.870606
CONFIG_A,CONFIG_A,1773662400000,9989.870606
CONFIG_A,CONFIG_A,1773666000000,9989.870606
CONFIG_A,CONFIG_A,1773669600000,9989.870606
CONFIG_A,CONFIG_A,1773673200000,9989.870606
CONFIG_A,CONFIG_A,1773676800000,9989.870606
CONFIG_A,CONFIG_A,1773680400000,9989.870606
CONFIG_A,CONFIG_A,1773684000000,9989.870606
CONFIG_A,CONFIG_A,1773687600000,9989.870606
CONFIG_A,CONFIG_A,1773691200000,9989.870606
CONFIG_A,CONFIG_A,1773694800000,9989.870606
CONFIG_A,CONFIG_A,1773698400000,9989.870606
CONFIG_A,CONFIG_A,1773702000000,9989.870606
CONFIG_A,CONFIG_A,1773705600000,9989.870606
CONFIG_A,CONFIG_A,1773709200000,9989.870606
CONFIG_A,CONFIG_A,1773712800000,9989.870606
CONFIG_A,CONFIG_A,1773716400000,9989.870606
CONFIG_A,CONFIG_A,1773720000000,9989.870606
CONFIG_A,CONFIG_A,1773723600000,9989.870606
CONFIG_A,CONFIG_A,1773727200000,9989.870606
CONFIG_A,CONFIG_A,1773730800000,9989.870606
CONFIG_A,CONFIG_A,1773734400000,9989.870606
CONFIG_A,CONFIG_A,1773738000000,9989.870606
CONFIG_A,CONFIG_A,1773741600000,9989.870606
CONFIG_A,CONFIG_A,1773745200000,9989.870606
CONFIG_A,CONFIG_A,1773748800000,9989.870606
CONFIG_A,CONFIG_A,1773752400000,9989.870606
CONFIG_A,CONFIG_A,1773756000000,9989.870606
CONFIG_A,CONFIG_A,1773759600000,9989.870606
CONFIG_A,CONFIG_A,1773763200000,9989.870606
CONFIG_A,CONFIG_A,1773766800000,9989.870606
CONFIG_A,CONFIG_A,1773770400000,9989.870606
CONFIG_A,CONFIG_A,1773774000000,9989.870606
CONFIG_A,CONFIG_A,1773777600000,9989.870606
CONFIG_A,CONFIG_A,1773781200000,9989.870606
CONFIG_A,CONFIG_A,1773784800000,9989.870606
CONFIG_A,CONFIG_A,1773788400000,9989.870606
CONFIG_A,CONFIG_A,1773792000000,9989.870606
CONFIG_A,CONFIG_A,1773795600000,9989.870606
CONFIG_A,CONFIG_A,1773799200000,9989.870606
CONFIG_A,CONFIG_A,1773802800000,9989.870606
CONFIG_A,CONFIG_A,1773806400000,9989.870606
CONFIG_A,CONFIG_A,1773810000000,9989.870606
CONFIG_A,CONFIG_A,1773813600000,9989.870606
CONFIG_A,CONFIG_A,1773817200000,9989.870606
CONFIG_A,CONFIG_A,1773820800000,9989.870606
CONFIG_A,CONFIG_A,1773824400000,9989.870606
CONFIG_A,CONFIG_A,1773828000000,9989.870606
CONFIG_A,CONFIG_A,1773831600000,9989.870606
CONFIG_A,CONFIG_A,1773835200000,9989.870606
CONFIG_A,CONFIG_A,1773838800000,9989.870606
CONFIG_A,CONFIG_A,1773842400000,9989.870606
CONFIG_A,CONFIG_A,1773846000000,9989.870606
CONFIG_A,CONFIG_A,1773849600000,9989.870606
CONFIG_A,CONFIG_A,1773853200000,9989.870606
CONFIG_A,CONFIG_A,1773856800000,9989.870606
CONFIG_A,CONFIG_A,1773860400000,9989.870606
CONFIG_A,CONFIG_A,1773864000000,9989.870606
CONFIG_A,CONFIG_A,1773867600000,9989.870606
CONFIG_A,CONFIG_A,1773871200000,9989.870606
CONFIG_A,CONFIG_A,1773874800000,9989.870606
CONFIG_A,CONFIG_A,1773878400000,9989.870606
CONFIG_A,CONFIG_A,1773882000000,9989.870606
CONFIG_A,CONFIG_A,1773885600000,9989.870606
CONFIG_A,CONFIG_A,1773889200000,9989.870606
CONFIG_A,CONFIG_A,1773892800000,9989.870606
CONFIG_A,CONFIG_A,1773896400000,9989.870606
CONFIG_A,CONFIG_A,1773900000000,9989.870606
CONFIG_A,CONFIG_A,1773903600000,9989.870606
CONFIG_A,CONFIG_A,1773907200000,9989.870606
CONFIG_A,CONFIG_A,1773910800000,9989.870606
CONFIG_A,CONFIG_A,1773914400000,9989.870606
CONFIG_A,CONFIG_A,1773918000000,9989.870606
CONFIG_A,CONFIG_A,1773921600000,9989.870606
CONFIG_A,CONFIG_A,1773925200000,9989.870606
CONFIG_A,CONFIG_A,1773928800000,9989.870606
CONFIG_A,CONFIG_A,1773932400000,9989.870606
CONFIG_A,CONFIG_A,1773936000000,9989.870606
CONFIG_A,CONFIG_A,1773939600000,9989.870606
CONFIG_A,CONFIG_A,1773943200000,9989.870606
CONFIG_A,CONFIG_A,1773946800000,9989.870606
CONFIG_A,CONFIG_A,1773950400000,9989.870606
CONFIG_A,CONFIG_A,1773954000000,9989.870606
CONFIG_A,CONFIG_A,1773957600000,9989.870606
CONFIG_A,CONFIG_A,1773961200000,9989.870606
CONFIG_A,CONFIG_A,1773964800000,9989.870606
CONFIG_A,CONFIG_A,1773968400000,9989.870606
CONFIG_A,CONFIG_A,1773972000000,9989.870606
CONFIG_A,CONFIG_A,1773975600000,9989.870606
CONFIG_A,CONFIG_A,1773979200000,9989.870606
CONFIG_A,CONFIG_A,1773982800000,9989.870606
CONFIG_A,CONFIG_A,1773986400000,9989.870606
CONFIG_A,CONFIG_A,1773990000000,9989.870606
CONFIG_A,CONFIG_A,1773993600000,9989.870606
CONFIG_A,CONFIG_A,1773997200000,9989.870606
CONFIG_A,CONFIG_A,1774000800000,9989.870606
CONFIG_A,CONFIG_A,1774004400000,9989.870606
CONFIG_A,CONFIG_A,1774008000000,9989.870606
CONFIG_A,CONFIG_A,1774011600000,9989.870606
CONFIG_A,CONFIG_A,1774015200000,9989.870606
CONFIG_A,CONFIG_A,1774018800000,9989.870606
CONFIG_A,CONFIG_A,1774022400000,9989.870606
CONFIG_A,CONFIG_A,1774026000000,9989.870606
CONFIG_A,CONFIG_A,1774029600000,9989.870606
CONFIG_A,CONFIG_A,1774033200000,9989.870606
CONFIG_A,CONFIG_A,1774036800000,9989.870606
CONFIG_A,CONFIG_A,1774040400000,9989.870606
CONFIG_A,CONFIG_A,1774044000000,9989.870606
CONFIG_A,CONFIG_A,1774047600000,9989.870606
CONFIG_A,CONFIG_A,1774051200000,9989.870606
CONFIG_A,CONFIG_A,1774054800000,9989.870606
CONFIG_A,CONFIG_A,1774058400000,9989.870606
CONFIG_A,CONFIG_A,1774062000000,9989.870606
CONFIG_A,CONFIG_A,1774065600000,9989.870606
CONFIG_A,CONFIG_A,1774069200000,9989.870606
CONFIG_A,CONFIG_A,1774072800000,9989.870606
CONFIG_A,CONFIG_A,1774076400000,9989.870606
CONFIG_A,CONFIG_A,1774080000000,9989.870606
CONFIG_A,CONFIG_A,1774083600000,9989.870606
CONFIG_A,CONFIG_A,1774087200000,9989.870606
CONFIG_A,CONFIG_A,1774090800000,9989.870606
CONFIG_A,CONFIG_A,1774094400000,9989.870606
CONFIG_A,CONFIG_A,1774098000000,9989.870606
CONFIG_A,CONFIG_A,1774101600000,9989.870606
CONFIG_A,CONFIG_A,1774105200000,9989.870606
CONFIG_A,CONFIG_A,1774108800000,9989.870606
CONFIG_A,CONFIG_A,1774112400000,9989.870606
CONFIG_A,CONFIG_A,1774116000000,9989.870606
CONFIG_A,CONFIG_A,1774119600000,9989.870606
CONFIG_A,CONFIG_A,1774123200000,9989.870606
CONFIG_A,CONFIG_A,1774126800000,9989.870606
CONFIG_A,CONFIG_A,1774130400000,9989.870606
CONFIG_A,CONFIG_A,1774134000000,9989.870606
CONFIG_A,CONFIG_A,1774137600000,9989.870606
CONFIG_A,CONFIG_A,1774141200000,9989.870606
CONFIG_A,CONFIG_A,1774144800000,9989.870606
CONFIG_A,CONFIG_A,1774148400000,9989.870606
CONFIG_A,CONFIG_A,1774152000000,9989.870606
CONFIG_A,CONFIG_A,1774155600000,9989.870606
CONFIG_A,CONFIG_A,1774159200000,9989.870606
CONFIG_A,CONFIG_A,1774162800000,9989.870606
CONFIG_A,CONFIG_A,1774166400000,9989.870606
CONFIG_A,CONFIG_A,1774170000000,9989.870606
CONFIG_A,CONFIG_A,1774173600000,9989.870606
CONFIG_A,CONFIG_A,1774177200000,9989.870606
CONFIG_A,CONFIG_A,1774180800000,9989.870606
CONFIG_A,CONFIG_A,1774184400000,9989.870606
CONFIG_A,CONFIG_A,1774188000000,9989.870606
CONFIG_A,CONFIG_A,1774191600000,9989.870606
CONFIG_A,CONFIG_A,1774195200000,9989.870606
CONFIG_A,CONFIG_A,1774198800000,9989.870606
CONFIG_A,CONFIG_A,1774202400000,9989.870606
CONFIG_A,CONFIG_A,1774206000000,9989.870606
CONFIG_A,CONFIG_A,1774209600000,9989.870606
CONFIG_A,CONFIG_A,1774213200000,9989.870606
CONFIG_A,CONFIG_A,1774216800000,9989.870606
CONFIG_A,CONFIG_A,1774220400000,9989.870606
CONFIG_A,CONFIG_A,1774224000000,9989.870606
CONFIG_A,CONFIG_A,1774227600000,9989.870606
CONFIG_A,CONFIG_A,1774231200000,9989.870606
CONFIG_A,CONFIG_A,1774234800000,9989.870606
CONFIG_A,CONFIG_A,1774238400000,9989.870606
CONFIG_A,CONFIG_A,1774242000000,9989.870606
CONFIG_A,CONFIG_A,1774245600000,9989.870606
CONFIG_A,CONFIG_A,1774249200000,9989.870606
CONFIG_A,CONFIG_A,1774252800000,9989.870606
CONFIG_A,CONFIG_A,1774256400000,9989.870606
CONFIG_A,CONFIG_A,1774260000000,9989.870606
CONFIG_A,CONFIG_A,1774263600000,9989.870606
CONFIG_A,CONFIG_A,1774267200000,9989.870606
CONFIG_A,CONFIG_A,1774270800000,9989.870606
CONFIG_A,CONFIG_A,1774274400000,9989.870606
CONFIG_A,CONFIG_A,1774278000000,9989.870606
CONFIG_A,CONFIG_A,1774281600000,9989.870606
CONFIG_A,CONFIG_A,1774285200000,9989.870606
CONFIG_A,CONFIG_A,1774288800000,9989.870606
CONFIG_A,CONFIG_A,1774292400000,9989.870606
CONFIG_B,CONFIG_B,1772496000000,10000.000000
CONFIG_B,CONFIG_B,1772499600000,10000.000000
CONFIG_B,CONFIG_B,1772503200000,10000.000000
CONFIG_B,CONFIG_B,1772506800000,10000.000000
CONFIG_B,CONFIG_B,1772510400000,10000.000000
CONFIG_B,CONFIG_B,1772514000000,10000.000000
CONFIG_B,CONFIG_B,1772517600000,10000.000000
CONFIG_B,CONFIG_B,1772521200000,10000.000000
CONFIG_B,CONFIG_B,1772524800000,10000.000000
CONFIG_B,CONFIG_B,1772528400000,10000.000000
CONFIG_B,CONFIG_B,1772532000000,10000.000000
CONFIG_B,CONFIG_B,1772535600000,10000.000000
CONFIG_B,CONFIG_B,1772539200000,10000.000000
CONFIG_B,CONFIG_B,1772542800000,10000.000000
CONFIG_B,CONFIG_B,1772546400000,10000.000000
CONFIG_B,CONFIG_B,1772550000000,10000.000000
CONFIG_B,CONFIG_B,1772553600000,10000.000000
CONFIG_B,CONFIG_B,1772557200000,10000.000000
CONFIG_B,CONFIG_B,1772560800000,10000.000000
CONFIG_B,CONFIG_B,1772564400000,10000.000000
CONFIG_B,CONFIG_B,1772568000000,10000.000000
CONFIG_B,CONFIG_B,1772571600000,10000.000000
CONFIG_B,CONFIG_B,1772575200000,10000.000000
CONFIG_B,CONFIG_B,1772578800000,10000.000000
CONFIG_B,CONFIG_B,1772582400000,10000.000000
CONFIG_B,CONFIG_B,1772586000000,10000.000000
CONFIG_B,CONFIG_B,1772589600000,10000.000000
CONFIG_B,CONFIG_B,1772593200000,10000.000000
CONFIG_B,CONFIG_B,1772596800000,10000.000000
CONFIG_B,CONFIG_B,1772600400000,10000.000000
CONFIG_B,CONFIG_B,1772604000000,10000.000000
CONFIG_B,CONFIG_B,1772607600000,10000.000000
CONFIG_B,CONFIG_B,1772611200000,10000.000000
CONFIG_B,CONFIG_B,1772614800000,10000.000000
CONFIG_B,CONFIG_B,1772618400000,10000.000000
CONFIG_B,CONFIG_B,1772622000000,10000.000000
CONFIG_B,CONFIG_B,1772625600000,10000.000000
CONFIG_B,CONFIG_B,1772629200000,10000.000000
CONFIG_B,CONFIG_B,1772632800000,10000.000000
CONFIG_B,CONFIG_B,1772636400000,10000.000000
CONFIG_B,CONFIG_B,1772640000000,10000.000000
CONFIG_B,CONFIG_B,1772643600000,10000.000000
CONFIG_B,CONFIG_B,1772647200000,10000.000000
CONFIG_B,CONFIG_B,1772650800000,10000.000000
CONFIG_B,CONFIG_B,1772654400000,10000.000000
CONFIG_B,CONFIG_B,1772658000000,10000.000000
CONFIG_B,CONFIG_B,1772661600000,10000.000000
CONFIG_B,CONFIG_B,1772665200000,10000.000000
CONFIG_B,CONFIG_B,1772668800000,10000.000000
CONFIG_B,CONFIG_B,1772672400000,10000.000000
CONFIG_B,CONFIG_B,1772676000000,10000.000000
CONFIG_B,CONFIG_B,1772679600000,10000.000000
CONFIG_B,CONFIG_B,1772683200000,10000.000000
CONFIG_B,CONFIG_B,1772686800000,10000.000000
CONFIG_B,CONFIG_B,1772690400000,10000.000000
CONFIG_B,CONFIG_B,1772694000000,10000.000000
CONFIG_B,CONFIG_B,1772697600000,10000.000000
CONFIG_B,CONFIG_B,1772701200000,10000.000000
CONFIG_B,CONFIG_B,1772704800000,10000.000000
CONFIG_B,CONFIG_B,1772708400000,10000.000000
CONFIG_B,CONFIG_B,1772712000000,10000.000000
CONFIG_B,CONFIG_B,1772715600000,10000.000000
CONFIG_B,CONFIG_B,1772719200000,10000.000000
CONFIG_B,CONFIG_B,1772722800000,10000.000000
CONFIG_B,CONFIG_B,1772726400000,10000.000000
CONFIG_B,CONFIG_B,1772730000000,10000.000000
CONFIG_B,CONFIG_B,1772733600000,10000.000000
CONFIG_B,CONFIG_B,1772737200000,10000.000000
CONFIG_B,CONFIG_B,1772740800000,10000.000000
CONFIG_B,CONFIG_B,1772744400000,10000.000000
CONFIG_B,CONFIG_B,1772748000000,10000.000000
CONFIG_B,CONFIG_B,1772751600000,10000.000000
CONFIG_B,CONFIG_B,1772755200000,10000.000000
CONFIG_B,CONFIG_B,1772758800000,10000.000000
CONFIG_B,CONFIG_B,1772762400000,10000.000000
CONFIG_B,CONFIG_B,1772766000000,10000.000000
CONFIG_B,CONFIG_B,1772769600000,10000.000000
CONFIG_B,CONFIG_B,1772773200000,10000.000000
CONFIG_B,CONFIG_B,1772776800000,10000.000000
CONFIG_B,CONFIG_B,1772780400000,10000.000000
CONFIG_B,CONFIG_B,1772784000000,10000.000000
CONFIG_B,CONFIG_B,1772787600000,10000.000000
CONFIG_B,CONFIG_B,1772791200000,10000.000000
CONFIG_B,CONFIG_B,1772794800000,10000.000000
CONFIG_B,CONFIG_B,1772798400000,10000.000000
CONFIG_B,CONFIG_B,1772802000000,10000.000000
CONFIG_B,CONFIG_B,1772805600000,10000.000000
CONFIG_B,CONFIG_B,1772809200000,10000.000000
CONFIG_B,CONFIG_B,1772812800000,10000.000000
CONFIG_B,CONFIG_B,1772816400000,10000.000000
CONFIG_B,CONFIG_B,1772820000000,10000.000000
CONFIG_B,CONFIG_B,1772823600000,10000.000000
CONFIG_B,CONFIG_B,1772827200000,10000.000000
CONFIG_B,CONFIG_B,1772830800000,10000.000000
CONFIG_B,CONFIG_B,1772834400000,10000.000000
CONFIG_B,CONFIG_B,1772838000000,10000.000000
CONFIG_B,CONFIG_B,1772841600000,10000.000000
CONFIG_B,CONFIG_B,1772845200000,10000.000000
CONFIG_B,CONFIG_B,1772848800000,10000.000000
CONFIG_B,CONFIG_B,1772852400000,10000.000000
CONFIG_B,CONFIG_B,1772856000000,10000.000000
CONFIG_B,CONFIG_B,1772859600000,10000.000000
CONFIG_B,CONFIG_B,1772863200000,10000.000000
CONFIG_B,CONFIG_B,1772866800000,10000.000000
CONFIG_B,CONFIG_B,1772870400000,10000.000000
CONFIG_B,CONFIG_B,1772874000000,10000.000000
CONFIG_B,CONFIG_B,1772877600000,10000.000000
CONFIG_B,CONFIG_B,1772881200000,10000.000000
CONFIG_B,CONFIG_B,1772884800000,10000.000000
CONFIG_B,CONFIG_B,1772888400000,10000.000000
CONFIG_B,CONFIG_B,1772892000000,10000.000000
CONFIG_B,CONFIG_B,1772895600000,10000.000000
CONFIG_B,CONFIG_B,1772899200000,10000.000000
CONFIG_B,CONFIG_B,1772902800000,10000.000000
CONFIG_B,CONFIG_B,1772906400000,10000.000000
CONFIG_B,CONFIG_B,1772910000000,10000.000000
CONFIG_B,CONFIG_B,1772913600000,10000.000000
CONFIG_B,CONFIG_B,1772917200000,10000.000000
CONFIG_B,CONFIG_B,1772920800000,10000.000000
CONFIG_B,CONFIG_B,1772924400000,10000.000000
CONFIG_B,CONFIG_B,1772928000000,10000.000000
CONFIG_B,CONFIG_B,1772931600000,10000.000000
CONFIG_B,CONFIG_B,1772935200000,10000.000000
CONFIG_B,CONFIG_B,1772938800000,10000.000000
CONFIG_B,CONFIG_B,1772942400000,10000.000000
CONFIG_B,CONFIG_B,1772946000000,10000.000000
CONFIG_B,CONFIG_B,1772949600000,10000.000000
CONFIG_B,CONFIG_B,1772953200000,10000.000000
CONFIG_B,CONFIG_B,1772956800000,10000.000000
CONFIG_B,CONFIG_B,1772960400000,10000.000000
CONFIG_B,CONFIG_B,1772964000000,10000.000000
CONFIG_B,CONFIG_B,1772967600000,10000.000000
CONFIG_B,CONFIG_B,1772971200000,10000.000000
CONFIG_B,CONFIG_B,1772974800000,10000.000000
CONFIG_B,CONFIG_B,1772978400000,10000.000000
CONFIG_B,CONFIG_B,1772982000000,10000.000000
CONFIG_B,CONFIG_B,1772985600000,10000.000000
CONFIG_B,CONFIG_B,1772989200000,10000.000000
CONFIG_B,CONFIG_B,1772992800000,10000.000000
CONFIG_B,CONFIG_B,1772996400000,10000.000000
CONFIG_B,CONFIG_B,1773000000000,10000.000000
CONFIG_B,CONFIG_B,1773003600000,10000.000000
CONFIG_B,CONFIG_B,1773007200000,10000.000000
CONFIG_B,CONFIG_B,1773010800000,10000.000000
CONFIG_B,CONFIG_B,1773014400000,10000.000000
CONFIG_B,CONFIG_B,1773018000000,10000.000000
CONFIG_B,CONFIG_B,1773021600000,10000.000000
CONFIG_B,CONFIG_B,1773025200000,10000.000000
CONFIG_B,CONFIG_B,1773028800000,10000.000000
CONFIG_B,CONFIG_B,1773032400000,10000.000000
CONFIG_B,CONFIG_B,1773036000000,10000.000000
CONFIG_B,CONFIG_B,1773039600000,10000.000000
CONFIG_B,CONFIG_B,1773043200000,10000.000000
CONFIG_B,CONFIG_B,1773046800000,10000.000000
CONFIG_B,CONFIG_B,1773050400000,10000.000000
CONFIG_B,CONFIG_B,1773054000000,10000.000000
CONFIG_B,CONFIG_B,1773057600000,10000.000000
CONFIG_B,CONFIG_B,1773061200000,10000.000000
CONFIG_B,CONFIG_B,1773064800000,10000.000000
CONFIG_B,CONFIG_B,1773068400000,10000.000000
CONFIG_B,CONFIG_B,1773072000000,10000.000000
CONFIG_B,CONFIG_B,1773075600000,10000.000000
CONFIG_B,CONFIG_B,1773079200000,10000.000000
CONFIG_B,CONFIG_B,1773082800000,10000.000000
CONFIG_B,CONFIG_B,1773086400000,10000.000000
CONFIG_B,CONFIG_B,1773090000000,10000.000000
CONFIG_B,CONFIG_B,1773093600000,10000.000000
CONFIG_B,CONFIG_B,1773097200000,10000.000000
CONFIG_B,CONFIG_B,1773100800000,10000.000000
CONFIG_B,CONFIG_B,1773104400000,10000.000000
CONFIG_B,CONFIG_B,1773108000000,10000.000000
CONFIG_B,CONFIG_B,1773111600000,10000.000000
CONFIG_B,CONFIG_B,1773115200000,10000.000000
CONFIG_B,CONFIG_B,1773118800000,10000.000000
CONFIG_B,CONFIG_B,1773122400000,10000.000000
CONFIG_B,CONFIG_B,1773126000000,10000.000000
CONFIG_B,CONFIG_B,1773129600000,10000.000000
CONFIG_B,CONFIG_B,1773133200000,10000.000000
CONFIG_B,CONFIG_B,1773136800000,10000.000000
CONFIG_B,CONFIG_B,1773140400000,10000.000000
CONFIG_B,CONFIG_B,1773144000000,10000.000000
CONFIG_B,CONFIG_B,1773147600000,10000.000000
CONFIG_B,CONFIG_B,1773151200000,10000.000000
CONFIG_B,CONFIG_B,1773154800000,10000.000000
CONFIG_B,CONFIG_B,1773158400000,10000.000000
CONFIG_B,CONFIG_B,1773162000000,10000.000000
CONFIG_B,CONFIG_B,1773165600000,10000.000000
CONFIG_B,CONFIG_B,1773169200000,10000.000000
CONFIG_B,CONFIG_B,1773172800000,10000.000000
CONFIG_B,CONFIG_B,1773176400000,10000.000000
CONFIG_B,CONFIG_B,1773180000000,10000.000000
CONFIG_B,CONFIG_B,1773183600000,10000.000000
CONFIG_B,CONFIG_B,1773187200000,10000.000000
CONFIG_B,CONFIG_B,1773190800000,10000.000000
CONFIG_B,CONFIG_B,1773194400000,10000.000000
CONFIG_B,CONFIG_B,1773198000000,10000.000000
CONFIG_B,CONFIG_B,1773201600000,10000.000000
CONFIG_B,CONFIG_B,1773205200000,10000.000000
CONFIG_B,CONFIG_B,1773208800000,10000.000000
CONFIG_B,CONFIG_B,1773212400000,10000.000000
CONFIG_B,CONFIG_B,1773216000000,10000.000000
CONFIG_B,CONFIG_B,1773219600000,10000.000000
CONFIG_B,CONFIG_B,1773223200000,10000.000000
CONFIG_B,CONFIG_B,1773226800000,10000.000000
CONFIG_B,CONFIG_B,1773230400000,10000.000000
CONFIG_B,CONFIG_B,1773234000000,10000.000000
CONFIG_B,CONFIG_B,1773237600000,10000.000000
CONFIG_B,CONFIG_B,1773241200000,10000.000000
CONFIG_B,CONFIG_B,1773244800000,9992.508741
CONFIG_B,CONFIG_B,1773248400000,10007.738675
CONFIG_B,CONFIG_B,1773252000000,9995.828793
CONFIG_B,CONFIG_B,1773255600000,9997.539401
CONFIG_B,CONFIG_B,1773259200000,9997.054092
CONFIG_B,CONFIG_B,1773262800000,10004.574261
CONFIG_B,CONFIG_B,1773266400000,9978.522499
CONFIG_B,CONFIG_B,1773270000000,9965.707084
CONFIG_B,CONFIG_B,1773273600000,9968.075619
CONFIG_B,CONFIG_B,1773277200000,9937.639835
CONFIG_B,CONFIG_B,1773280800000,9937.639835
CONFIG_B,CONFIG_B,1773284400000,9937.639835
CONFIG_B,CONFIG_B,1773288000000,9937.639835
CONFIG_B,CONFIG_B,1773291600000,9937.639835
CONFIG_B,CONFIG_B,1773295200000,9937.639835
CONFIG_B,CONFIG_B,1773298800000,9937.639835
CONFIG_B,CONFIG_B,1773302400000,9937.639835
CONFIG_B,CONFIG_B,1773306000000,9937.639835
CONFIG_B,CONFIG_B,1773309600000,9937.639835
CONFIG_B,CONFIG_B,1773313200000,9937.639835
CONFIG_B,CONFIG_B,1773316800000,9937.639835
CONFIG_B,CONFIG_B,1773320400000,9937.639835
CONFIG_B,CONFIG_B,1773324000000,9937.639835
CONFIG_B,CONFIG_B,1773327600000,9937.639835
CONFIG_B,CONFIG_B,1773331200000,9937.639835
CONFIG_B,CONFIG_B,1773334800000,9937.639835
CONFIG_B,CONFIG_B,1773338400000,9937.639835
CONFIG_B,CONFIG_B,1773342000000,9937.639835
CONFIG_B,CONFIG_B,1773345600000,9937.639835
CONFIG_B,CONFIG_B,1773349200000,9937.639835
CONFIG_B,CONFIG_B,1773352800000,9937.639835
CONFIG_B,CONFIG_B,1773356400000,9937.639835
CONFIG_B,CONFIG_B,1773360000000,9937.639835
CONFIG_B,CONFIG_B,1773363600000,9937.639835
CONFIG_B,CONFIG_B,1773367200000,9937.639835
CONFIG_B,CONFIG_B,1773370800000,9937.639835
CONFIG_B,CONFIG_B,1773374400000,9937.639835
CONFIG_B,CONFIG_B,1773378000000,9937.639835
CONFIG_B,CONFIG_B,1773381600000,9937.639835
CONFIG_B,CONFIG_B,1773385200000,9937.639835
CONFIG_B,CONFIG_B,1773388800000,9937.639835
CONFIG_B,CONFIG_B,1773392400000,9937.639835
CONFIG_B,CONFIG_B,1773396000000,9937.639835
CONFIG_B,CONFIG_B,1773399600000,9937.639835
CONFIG_B,CONFIG_B,1773403200000,9937.639835
CONFIG_B,CONFIG_B,1773406800000,9937.639835
CONFIG_B,CONFIG_B,1773410400000,9937.639835
CONFIG_B,CONFIG_B,1773414000000,9937.639835
CONFIG_B,CONFIG_B,1773417600000,9937.639835
CONFIG_B,CONFIG_B,1773421200000,9937.639835
CONFIG_B,CONFIG_B,1773424800000,9937.639835
CONFIG_B,CONFIG_B,1773428400000,9937.639835
CONFIG_B,CONFIG_B,1773432000000,9937.639835
CONFIG_B,CONFIG_B,1773435600000,9937.639835
CONFIG_B,CONFIG_B,1773439200000,9937.639835
CONFIG_B,CONFIG_B,1773442800000,9937.639835
CONFIG_B,CONFIG_B,1773446400000,9937.639835
CONFIG_B,CONFIG_B,1773450000000,9937.639835
CONFIG_B,CONFIG_B,1773453600000,9937.639835
CONFIG_B,CONFIG_B,1773457200000,9937.639835
CONFIG_B,CONFIG_B,1773460800000,9937.639835
CONFIG_B,CONFIG_B,1773464400000,9937.639835
CONFIG_B,CONFIG_B,1773468000000,9937.639835
CONFIG_B,CONFIG_B,1773471600000,9937.639835
CONFIG_B,CONFIG_B,1773475200000,9937.639835
CONFIG_B,CONFIG_B,1773478800000,9937.639835
CONFIG_B,CONFIG_B,1773482400000,9937.639835
CONFIG_B,CONFIG_B,1773486000000,9937.639835
CONFIG_B,CONFIG_B,1773489600000,9937.639835
CONFIG_B,CONFIG_B,1773493200000,9937.639835
CONFIG_B,CONFIG_B,1773496800000,9937.639835
CONFIG_B,CONFIG_B,1773500400000,9937.639835
CONFIG_B,CONFIG_B,1773504000000,9937.639835
CONFIG_B,CONFIG_B,1773507600000,9937.639835
CONFIG_B,CONFIG_B,1773511200000,9937.639835
CONFIG_B,CONFIG_B,1773514800000,9937.639835
CONFIG_B,CONFIG_B,1773518400000,9937.639835
CONFIG_B,CONFIG_B,1773522000000,9937.639835
CONFIG_B,CONFIG_B,1773525600000,9937.639835
CONFIG_B,CONFIG_B,1773529200000,9930.195291
CONFIG_B,CONFIG_B,1773532800000,9914.403069
CONFIG_B,CONFIG_B,1773536400000,9914.441388
CONFIG_B,CONFIG_B,1773540000000,9946.817290
CONFIG_B,CONFIG_B,1773543600000,9940.728781
CONFIG_B,CONFIG_B,1773547200000,9957.671264
CONFIG_B,CONFIG_B,1773550800000,9949.544892
CONFIG_B,CONFIG_B,1773554400000,9947.366294
CONFIG_B,CONFIG_B,1773558000000,9947.030482
CONFIG_B,CONFIG_B,1773561600000,9965.417235
CONFIG_B,CONFIG_B,1773565200000,9970.544988
CONFIG_B,CONFIG_B,1773568800000,9969.986927
CONFIG_B,CONFIG_B,1773572400000,9973.911468
CONFIG_B,CONFIG_B,1773576000000,9957.950643
CONFIG_B,CONFIG_B,1773579600000,9957.756262
CONFIG_B,CONFIG_B,1773583200000,9958.765789
CONFIG_B,CONFIG_B,1773586800000,9948.956873
CONFIG_B,CONFIG_B,1773590400000,9945.899032
CONFIG_B,CONFIG_B,1773594000000,9972.554983
CONFIG_B,CONFIG_B,1773597600000,9942.637057
CONFIG_B,CONFIG_B,1773601200000,9953.743239
CONFIG_B,CONFIG_B,1773604800000,9966.344550
CONFIG_B,CONFIG_B,1773608400000,9992.733663
CONFIG_B,CONFIG_B,1773612000000,10037.313058
CONFIG_B,CONFIG_B,1773615600000,10041.897380
CONFIG_B,CONFIG_B,1773619200000,10022.112338
CONFIG_B,CONFIG_B,1773622800000,10037.554118
CONFIG_B,CONFIG_B,1773626400000,10020.957897
CONFIG_B,CONFIG_B,1773630000000,10094.713226
CONFIG_B,CONFIG_B,1773633600000,10112.987810
CONFIG_B,CONFIG_B,1773637200000,10138.896196
CONFIG_B,CONFIG_B,1773640800000,10104.539560
CONFIG_B,CONFIG_B,1773644400000,10086.586854
CONFIG_B,CONFIG_B,1773648000000,10064.175233
CONFIG_B,CONFIG_B,1773651600000,10072.948148
CONFIG_B,CONFIG_B,1773655200000,10109.351008
CONFIG_B,CONFIG_B,1773658800000,10093.281497
CONFIG_B,CONFIG_B,1773662400000,10115.020797
CONFIG_B,CONFIG_B,1773666000000,10132.072663
CONFIG_B,CONFIG_B,1773669600000,10094.171190
CONFIG_B,CONFIG_B,1773673200000,10073.912389
CONFIG_B,CONFIG_B,1773676800000,10107.763216
CONFIG_B,CONFIG_B,1773680400000,10120.481574
CONFIG_B,CONFIG_B,1773684000000,10118.420720
CONFIG_B,CONFIG_B,1773687600000,10121.862445
CONFIG_B,CONFIG_B,1773691200000,10140.945207
CONFIG_B,CONFIG_B,1773694800000,10152.403225
CONFIG_B,CONFIG_B,1773698400000,10173.053315
CONFIG_B,CONFIG_B,1773702000000,10173.053315
CONFIG_B,CONFIG_B,1773705600000,10173.053315
CONFIG_B,CONFIG_B,1773709200000,10173.053315
CONFIG_B,CONFIG_B,1773712800000,10173.053315
CONFIG_B,CONFIG_B,1773716400000,10173.053315
CONFIG_B,CONFIG_B,1773720000000,10173.053315
CONFIG_B,CONFIG_B,1773723600000,10173.053315
CONFIG_B,CONFIG_B,1773727200000,10173.053315
CONFIG_B,CONFIG_B,1773730800000,10173.053315
CONFIG_B,CONFIG_B,1773734400000,10173.053315
CONFIG_B,CONFIG_B,1773738000000,10173.053315
CONFIG_B,CONFIG_B,1773741600000,10173.053315
CONFIG_B,CONFIG_B,1773745200000,10173.053315
CONFIG_B,CONFIG_B,1773748800000,10173.053315
CONFIG_B,CONFIG_B,1773752400000,10173.053315
CONFIG_B,CONFIG_B,1773756000000,10173.053315
CONFIG_B,CONFIG_B,1773759600000,10173.053315
CONFIG_B,CONFIG_B,1773763200000,10173.053315
CONFIG_B,CONFIG_B,1773766800000,10173.053315
CONFIG_B,CONFIG_B,1773770400000,10173.053315
CONFIG_B,CONFIG_B,1773774000000,10173.053315
CONFIG_B,CONFIG_B,1773777600000,10173.053315
CONFIG_B,CONFIG_B,1773781200000,10173.053315
CONFIG_B,CONFIG_B,1773784800000,10173.053315
CONFIG_B,CONFIG_B,1773788400000,10173.053315
CONFIG_B,CONFIG_B,1773792000000,10173.053315
CONFIG_B,CONFIG_B,1773795600000,10173.053315
CONFIG_B,CONFIG_B,1773799200000,10173.053315
CONFIG_B,CONFIG_B,1773802800000,10173.053315
CONFIG_B,CONFIG_B,1773806400000,10173.053315
CONFIG_B,CONFIG_B,1773810000000,10173.053315
CONFIG_B,CONFIG_B,1773813600000,10173.053315
CONFIG_B,CONFIG_B,1773817200000,10173.053315
CONFIG_B,CONFIG_B,1773820800000,10173.053315
CONFIG_B,CONFIG_B,1773824400000,10173.053315
CONFIG_B,CONFIG_B,1773828000000,10173.053315
CONFIG_B,CONFIG_B,1773831600000,10173.053315
CONFIG_B,CONFIG_B,1773835200000,10173.053315
CONFIG_B,CONFIG_B,1773838800000,10173.053315
CONFIG_B,CONFIG_B,1773842400000,10173.053315
CONFIG_B,CONFIG_B,1773846000000,10173.053315
CONFIG_B,CONFIG_B,1773849600000,10173.053315
CONFIG_B,CONFIG_B,1773853200000,10173.053315
CONFIG_B,CONFIG_B,1773856800000,10173.053315
CONFIG_B,CONFIG_B,1773860400000,10173.053315
CONFIG_B,CONFIG_B,1773864000000,10173.053315
CONFIG_B,CONFIG_B,1773867600000,10173.053315
CONFIG_B,CONFIG_B,1773871200000,10173.053315
CONFIG_B,CONFIG_B,1773874800000,10173.053315
CONFIG_B,CONFIG_B,1773878400000,10173.053315
CONFIG_B,CONFIG_B,1773882000000,10173.053315
CONFIG_B,CONFIG_B,1773885600000,10173.053315
CONFIG_B,CONFIG_B,1773889200000,10173.053315
CONFIG_B,CONFIG_B,1773892800000,10173.053315
CONFIG_B,CONFIG_B,1773896400000,10173.053315
CONFIG_B,CONFIG_B,1773900000000,10173.053315
CONFIG_B,CONFIG_B,1773903600000,10173.053315
CONFIG_B,CONFIG_B,1773907200000,10173.053315
CONFIG_B,CONFIG_B,1773910800000,10173.053315
CONFIG_B,CONFIG_B,1773914400000,10173.053315
CONFIG_B,CONFIG_B,1773918000000,10173.053315
CONFIG_B,CONFIG_B,1773921600000,10173.053315
CONFIG_B,CONFIG_B,1773925200000,10173.053315
CONFIG_B,CONFIG_B,1773928800000,10173.053315
CONFIG_B,CONFIG_B,1773932400000,10173.053315
CONFIG_B,CONFIG_B,1773936000000,10173.053315
CONFIG_B,CONFIG_B,1773939600000,10173.053315
CONFIG_B,CONFIG_B,1773943200000,10173.053315
CONFIG_B,CONFIG_B,1773946800000,10173.053315
CONFIG_B,CONFIG_B,1773950400000,10173.053315
CONFIG_B,CONFIG_B,1773954000000,10173.053315
CONFIG_B,CONFIG_B,1773957600000,10173.053315
CONFIG_B,CONFIG_B,1773961200000,10173.053315
CONFIG_B,CONFIG_B,1773964800000,10173.053315
CONFIG_B,CONFIG_B,1773968400000,10173.053315
CONFIG_B,CONFIG_B,1773972000000,10173.053315
CONFIG_B,CONFIG_B,1773975600000,10173.053315
CONFIG_B,CONFIG_B,1773979200000,10173.053315
CONFIG_B,CONFIG_B,1773982800000,10173.053315
CONFIG_B,CONFIG_B,1773986400000,10173.053315
CONFIG_B,CONFIG_B,1773990000000,10173.053315
CONFIG_B,CONFIG_B,1773993600000,10173.053315
CONFIG_B,CONFIG_B,1773997200000,10173.053315
CONFIG_B,CONFIG_B,1774000800000,10173.053315
CONFIG_B,CONFIG_B,1774004400000,10173.053315
CONFIG_B,CONFIG_B,1774008000000,10173.053315
CONFIG_B,CONFIG_B,1774011600000,10173.053315
CONFIG_B,CONFIG_B,1774015200000,10173.053315
CONFIG_B,CONFIG_B,1774018800000,10173.053315
CONFIG_B,CONFIG_B,1774022400000,10173.053315
CONFIG_B,CONFIG_B,1774026000000,10173.053315
CONFIG_B,CONFIG_B,1774029600000,10173.053315
CONFIG_B,CONFIG_B,1774033200000,10173.053315
CONFIG_B,CONFIG_B,1774036800000,10173.053315
CONFIG_B,CONFIG_B,1774040400000,10173.053315
CONFIG_B,CONFIG_B,1774044000000,10173.053315
CONFIG_B,CONFIG_B,1774047600000,10173.053315
CONFIG_B,CONFIG_B,1774051200000,10165.432417
CONFIG_B,CONFIG_B,1774054800000,10149.796655
CONFIG_B,CONFIG_B,1774058400000,10169.413931
CONFIG_B,CONFIG_B,1774062000000,10163.647526
CONFIG_B,CONFIG_B,1774065600000,10162.553885
CONFIG_B,CONFIG_B,1774069200000,10166.564141
CONFIG_B,CONFIG_B,1774072800000,10172.076179
CONFIG_B,CONFIG_B,1774076400000,10168.675975
CONFIG_B,CONFIG_B,1774080000000,10159.126376
CONFIG_B,CONFIG_B,1774083600000,10163.952193
CONFIG_B,CONFIG_B,1774087200000,10159.931876
CONFIG_B,CONFIG_B,1774090800000,10163.314835
CONFIG_B,CONFIG_B,1774094400000,10168.336817
CONFIG_B,CONFIG_B,1774098000000,10169.599319
CONFIG_B,CONFIG_B,1774101600000,10161.617607
CONFIG_B,CONFIG_B,1774105200000,10161.683714
CONFIG_B,CONFIG_B,1774108800000,10130.514416
CONFIG_B,CONFIG_B,1774112400000,10130.514416
CONFIG_B,CONFIG_B,1774116000000,10130.514416
CONFIG_B,CONFIG_B,1774119600000,10130.514416
CONFIG_B,CONFIG_B,1774123200000,10130.514416
CONFIG_B,CONFIG_B,1774126800000,10130.514416
CONFIG_B,CONFIG_B,1774130400000,10130.514416
CONFIG_B,CONFIG_B,1774134000000,10130.514416
CONFIG_B,CONFIG_B,1774137600000,10130.514416
CONFIG_B,CONFIG_B,1774141200000,10130.514416
CONFIG_B,CONFIG_B,1774144800000,10130.514416
CONFIG_B,CONFIG_B,1774148400000,10130.514416
CONFIG_B,CONFIG_B,1774152000000,10130.514416
CONFIG_B,CONFIG_B,1774155600000,10130.514416
CONFIG_B,CONFIG_B,1774159200000,10130.514416
CONFIG_B,CONFIG_B,1774162800000,10130.514416
CONFIG_B,CONFIG_B,1774166400000,10130.514416
CONFIG_B,CONFIG_B,1774170000000,10130.514416
CONFIG_B,CONFIG_B,1774173600000,10130.514416
CONFIG_B,CONFIG_B,1774177200000,10130.514416
CONFIG_B,CONFIG_B,1774180800000,10130.514416
CONFIG_B,CONFIG_B,1774184400000,10130.514416
CONFIG_B,CONFIG_B,1774188000000,10130.514416
CONFIG_B,CONFIG_B,1774191600000,10130.514416
CONFIG_B,CONFIG_B,1774195200000,10130.514416
CONFIG_B,CONFIG_B,1774198800000,10130.514416
CONFIG_B,CONFIG_B,1774202400000,10130.514416
CONFIG_B,CONFIG_B,1774206000000,10130.514416
CONFIG_B,CONFIG_B,1774209600000,10130.514416
CONFIG_B,CONFIG_B,1774213200000,10130.514416
CONFIG_B,CONFIG_B,1774216800000,10130.514416
CONFIG_B,CONFIG_B,1774220400000,10130.514416
CONFIG_B,CONFIG_B,1774224000000,10130.514416
CONFIG_B,CONFIG_B,1774227600000,10130.514416
CONFIG_B,CONFIG_B,1774231200000,10130.514416
CONFIG_B,CONFIG_B,1774234800000,10130.514416
CONFIG_B,CONFIG_B,1774238400000,10130.514416
CONFIG_B,CONFIG_B,1774242000000,10130.514416
CONFIG_B,CONFIG_B,1774245600000,10130.514416
CONFIG_B,CONFIG_B,1774249200000,10130.514416
CONFIG_B,CONFIG_B,1774252800000,10130.514416
CONFIG_B,CONFIG_B,1774256400000,10130.514416
CONFIG_B,CONFIG_B,1774260000000,10130.514416
CONFIG_B,CONFIG_B,1774263600000,10130.514416
CONFIG_B,CONFIG_B,1774267200000,10122.925385
CONFIG_B,CONFIG_B,1774270800000,10175.036013
CONFIG_B,CONFIG_B,1774274400000,10172.557652
CONFIG_B,CONFIG_B,1774278000000,10078.557223
CONFIG_B,CONFIG_B,1774281600000,10109.299762
CONFIG_B,CONFIG_B,1774285200000,10146.730373
CONFIG_B,CONFIG_B,1774288800000,10146.091304
CONFIG_B,CONFIG_B,1774292400000,10125.038706
PORTFOLIO_AB,CONFIG_A+CONFIG_B,1772496000000,10000.000000
PORTFOLIO_AB,CONFIG_A+CONFIG_B,1772499600000,10000.000000
PORTFOLIO_AB,CONFIG_A+CONFIG_B,1772503200000,10000.000000
PORTFOLIO_AB,CONFIG_A+CONFIG_B,1772506800000,10000.000000
PORTFOLIO_AB,CONFIG_A+CONFIG_B,1772510400000,10000.000000
PORTFOLIO_AB,CONFIG_A+CONFIG_B,1772514000000,10000.000000
PORTFOLIO_AB,CONFIG_A+CONFIG_B,1772517600000,10000.000000
PORTFOLIO_AB,CONFIG_A+CONFIG_B,1772521200000,10000.000000
PORTFOLIO_AB,CONFIG_A+CONFIG_B,1772524800000,10000.000000
PORTFOLIO_AB,CONFIG_A+CONFIG_B,1772528400000,10000.000000
PORTFOLIO_AB,CONFIG_A+CONFIG_B,1772532000000,10000.000000
PORTFOLIO_AB,CONFIG_A+CONFIG_B,1772535600000,10000.000000
PORTFOLIO_AB,CONFIG_A+CONFIG_B,1772539200000,10000.000000
PORTFOLIO_AB,CONFIG_A+CONFIG_B,1772542800000,10000.000000
PORTFOLIO_AB,CONFIG_A+CONFIG_B,1772546400000,10000.000000
PORTFOLIO_AB,CONFIG_A+CONFIG_B,1772550000000,10000.000000
PORTFOLIO_AB,CONFIG_A+CONFIG_B,1772553600000,10000.000000
PORTFOLIO_AB,CONFIG_A+CONFIG_B,1772557200000,10000.000000
PORTFOLIO_AB,CONFIG_A+CONFIG_B,1772560800000,10000.000000
PORTFOLIO_AB,CONFIG_A+CONFIG_B,1772564400000,10000.000000
PORTFOLIO_AB,CONFIG_A+CONFIG_B,1772568000000,10000.000000
PORTFOLIO_AB,CONFIG_A+CONFIG_B,1772571600000,10000.000000
PORTFOLIO_AB,CONFIG_A+CONFIG_B,1772575200000,10000.000000
PORTFOLIO_AB,CONFIG_A+CONFIG_B,1772578800000,10000.000000
PORTFOLIO_AB,CONFIG_A+CONFIG_B,1772582400000,10000.000000
PORTFOLIO_AB,CONFIG_A+CONFIG_B,1772586000000,10000.000000
PORTFOLIO_AB,CONFIG_A+CONFIG_B,1772589600000,10000.000000
PORTFOLIO_AB,CONFIG_A+CONFIG_B,1772593200000,10000.000000
PORTFOLIO_AB,CONFIG_A+CONFIG_B,1772596800000,10000.000000
PORTFOLIO_AB,CONFIG_A+CONFIG_B,1772600400000,10000.000000
PORTFOLIO_AB,CONFIG_A+CONFIG_B,1772604000000,10000.000000
PORTFOLIO_AB,CONFIG_A+CONFIG_B,1772607600000,10000.000000
PORTFOLIO_AB,CONFIG_A+CONFIG_B,1772611200000,10000.000000
PORTFOLIO_AB,CONFIG_A+CONFIG_B,1772614800000,10000.000000
PORTFOLIO_AB,CONFIG_A+CONFIG_B,1772618400000,10000.000000
PORTFOLIO_AB,CONFIG_A+CONFIG_B,1772622000000,10000.000000
PORTFOLIO_AB,CONFIG_A+CONFIG_B,1772625600000,10000.000000
PORTFOLIO_AB,CONFIG_A+CONFIG_B,1772629200000,10000.000000
PORTFOLIO_AB,CONFIG_A+CONFIG_B,1772632800000,10000.000000
PORTFOLIO_AB,CONFIG_A+CONFIG_B,1772636400000,10000.000000
PORTFOLIO_AB,CONFIG_A+CONFIG_B,1772640000000,10000.000000
PORTFOLIO_AB,CONFIG_A+CONFIG_B,1772643600000,10000.000000
PORTFOLIO_AB,CONFIG_A+CONFIG_B,1772647200000,10000.000000
PORTFOLIO_AB,CONFIG_A+CONFIG_B,1772650800000,10000.000000
PORTFOLIO_AB,CONFIG_A+CONFIG_B,1772654400000,10000.000000
PORTFOLIO_AB,CONFIG_A+CONFIG_B,1772658000000,10000.000000
PORTFOLIO_AB,CONFIG_A+CONFIG_B,1772661600000,10000.000000
PORTFOLIO_AB,CONFIG_A+CONFIG_B,1772665200000,10000.000000
PORTFOLIO_AB,CONFIG_A+CONFIG_B,1772668800000,10000.000000
PORTFOLIO_AB,CONFIG_A+CONFIG_B,1772672400000,9996.254370
PORTFOLIO_AB,CONFIG_A+CONFIG_B,1772676000000,9995.134925
PORTFOLIO_AB,CONFIG_A+CONFIG_B,1772679600000,9994.849299
PORTFOLIO_AB,CONFIG_A+CONFIG_B,1772683200000,10005.786004
PORTFOLIO_AB,CONFIG_A+CONFIG_B,1772686800000,9988.162151
PORTFOLIO_AB,CONFIG_A+CONFIG_B,1772690400000,9988.162151
PORTFOLIO_AB,CONFIG_A+CONFIG_B,1772694000000,9988.162151
PORTFOLIO_AB,CONFIG_A+CONFIG_B,1772697600000,9988.162151
PORTFOLIO_AB,CONFIG_A+CONFIG_B,1772701200000,9988.162151
PORTFOLIO_AB,CONFIG_A+CONFIG_B,1772704800000,9988.162151
PORTFOLIO_AB,CONFIG_A+CONFIG_B,1772708400000,9988.162151
PORTFOLIO_AB,CONFIG_A+CONFIG_B,1772712000000,9988.162151
PORTFOLIO_AB,CONFIG_A+CONFIG_B,1772715600000,9988.162151
PORTFOLIO_AB,CONFIG_A+CONFIG_B,1772719200000,9988.162151
PORTFOLIO_AB,CONFIG_A+CONFIG_B,1772722800000,9988.162151
PORTFOLIO_AB,CONFIG_A+CONFIG_B,1772726400000,9988.162151
PORTFOLIO_AB,CONFIG_A+CONFIG_B,1772730000000,9988.162151
PORTFOLIO_AB,CONFIG_A+CONFIG_B,1772733600000,9988.162151
PORTFOLIO_AB,CONFIG_A+CONFIG_B,1772737200000,9988.162151
PORTFOLIO_AB,CONFIG_A+CONFIG_B,1772740800000,9988.162151
PORTFOLIO_AB,CONFIG_A+CONFIG_B,1772744400000,9988.162151
PORTFOLIO_AB,CONFIG_A+CONFIG_B,1772748000000,9988.162151
PORTFOLIO_AB,CONFIG_A+CONFIG_B,1772751600000,9988.162151
PORTFOLIO_AB,CONFIG_A+CONFIG_B,1772755200000,9988.162151
PORTFOLIO_AB,CONFIG_A+CONFIG_B,1772758800000,9988.162151
PORTFOLIO_AB,CONFIG_A+CONFIG_B,1772762400000,9988.162151
PORTFOLIO_AB,CONFIG_A+CONFIG_B,1772766000000,9988.162151
PORTFOLIO_AB,CONFIG_A+CONFIG_B,1772769600000,9988.162151
PORTFOLIO_AB,CONFIG_A+CONFIG_B,1772773200000,9988.162151
PORTFOLIO_AB,CONFIG_A+CONFIG_B,1772776800000,9988.162151
PORTFOLIO_AB,CONFIG_A+CONFIG_B,1772780400000,9988.162151
PORTFOLIO_AB,CONFIG_A+CONFIG_B,1772784000000,9988.162151
PORTFOLIO_AB,CONFIG_A+CONFIG_B,1772787600000,9988.162151
PORTFOLIO_AB,CONFIG_A+CONFIG_B,1772791200000,9988.162151
PORTFOLIO_AB,CONFIG_A+CONFIG_B,1772794800000,9988.162151
PORTFOLIO_AB,CONFIG_A+CONFIG_B,1772798400000,9988.162151
PORTFOLIO_AB,CONFIG_A+CONFIG_B,1772802000000,9988.162151
PORTFOLIO_AB,CONFIG_A+CONFIG_B,1772805600000,9988.162151
PORTFOLIO_AB,CONFIG_A+CONFIG_B,1772809200000,9988.162151
PORTFOLIO_AB,CONFIG_A+CONFIG_B,1772812800000,9988.162151
PORTFOLIO_AB,CONFIG_A+CONFIG_B,1772816400000,9988.162151
PORTFOLIO_AB,CONFIG_A+CONFIG_B,1772820000000,9988.162151
PORTFOLIO_AB,CONFIG_A+CONFIG_B,1772823600000,9988.162151
PORTFOLIO_AB,CONFIG_A+CONFIG_B,1772827200000,9988.162151
PORTFOLIO_AB,CONFIG_A+CONFIG_B,1772830800000,9988.162151
PORTFOLIO_AB,CONFIG_A+CONFIG_B,1772834400000,9988.162151
PORTFOLIO_AB,CONFIG_A+CONFIG_B,1772838000000,9988.162151
PORTFOLIO_AB,CONFIG_A+CONFIG_B,1772841600000,9988.162151
PORTFOLIO_AB,CONFIG_A+CONFIG_B,1772845200000,9988.162151
PORTFOLIO_AB,CONFIG_A+CONFIG_B,1772848800000,9988.162151
PORTFOLIO_AB,CONFIG_A+CONFIG_B,1772852400000,9988.162151
PORTFOLIO_AB,CONFIG_A+CONFIG_B,1772856000000,9988.162151
PORTFOLIO_AB,CONFIG_A+CONFIG_B,1772859600000,9988.162151
PORTFOLIO_AB,CONFIG_A+CONFIG_B,1772863200000,9988.162151
PORTFOLIO_AB,CONFIG_A+CONFIG_B,1772866800000,9988.162151
PORTFOLIO_AB,CONFIG_A+CONFIG_B,1772870400000,9988.162151
PORTFOLIO_AB,CONFIG_A+CONFIG_B,1772874000000,9988.162151
PORTFOLIO_AB,CONFIG_A+CONFIG_B,1772877600000,9988.162151
PORTFOLIO_AB,CONFIG_A+CONFIG_B,1772881200000,9988.162151
PORTFOLIO_AB,CONFIG_A+CONFIG_B,1772884800000,9988.162151
PORTFOLIO_AB,CONFIG_A+CONFIG_B,1772888400000,9988.162151
PORTFOLIO_AB,CONFIG_A+CONFIG_B,1772892000000,9988.162151
PORTFOLIO_AB,CONFIG_A+CONFIG_B,1772895600000,9988.162151
PORTFOLIO_AB,CONFIG_A+CONFIG_B,1772899200000,9988.162151
PORTFOLIO_AB,CONFIG_A+CONFIG_B,1772902800000,9988.162151
PORTFOLIO_AB,CONFIG_A+CONFIG_B,1772906400000,9988.162151
PORTFOLIO_AB,CONFIG_A+CONFIG_B,1772910000000,9988.162151
PORTFOLIO_AB,CONFIG_A+CONFIG_B,1772913600000,9988.162151
PORTFOLIO_AB,CONFIG_A+CONFIG_B,1772917200000,9988.162151
PORTFOLIO_AB,CONFIG_A+CONFIG_B,1772920800000,9988.162151
PORTFOLIO_AB,CONFIG_A+CONFIG_B,1772924400000,9988.162151
PORTFOLIO_AB,CONFIG_A+CONFIG_B,1772928000000,9988.162151
PORTFOLIO_AB,CONFIG_A+CONFIG_B,1772931600000,9988.162151
PORTFOLIO_AB,CONFIG_A+CONFIG_B,1772935200000,9988.162151
PORTFOLIO_AB,CONFIG_A+CONFIG_B,1772938800000,9988.162151
PORTFOLIO_AB,CONFIG_A+CONFIG_B,1772942400000,9988.162151
PORTFOLIO_AB,CONFIG_A+CONFIG_B,1772946000000,9988.162151
PORTFOLIO_AB,CONFIG_A+CONFIG_B,1772949600000,9988.162151
PORTFOLIO_AB,CONFIG_A+CONFIG_B,1772953200000,9988.162151
PORTFOLIO_AB,CONFIG_A+CONFIG_B,1772956800000,9988.162151
PORTFOLIO_AB,CONFIG_A+CONFIG_B,1772960400000,9988.162151
PORTFOLIO_AB,CONFIG_A+CONFIG_B,1772964000000,9988.162151
PORTFOLIO_AB,CONFIG_A+CONFIG_B,1772967600000,9988.162151
PORTFOLIO_AB,CONFIG_A+CONFIG_B,1772971200000,9988.162151
PORTFOLIO_AB,CONFIG_A+CONFIG_B,1772974800000,9988.162151
PORTFOLIO_AB,CONFIG_A+CONFIG_B,1772978400000,9988.162151
PORTFOLIO_AB,CONFIG_A+CONFIG_B,1772982000000,9988.162151
PORTFOLIO_AB,CONFIG_A+CONFIG_B,1772985600000,9988.162151
PORTFOLIO_AB,CONFIG_A+CONFIG_B,1772989200000,9988.162151
PORTFOLIO_AB,CONFIG_A+CONFIG_B,1772992800000,9988.162151
PORTFOLIO_AB,CONFIG_A+CONFIG_B,1772996400000,9988.162151
PORTFOLIO_AB,CONFIG_A+CONFIG_B,1773000000000,9988.162151
PORTFOLIO_AB,CONFIG_A+CONFIG_B,1773003600000,9988.162151
PORTFOLIO_AB,CONFIG_A+CONFIG_B,1773007200000,9988.162151
PORTFOLIO_AB,CONFIG_A+CONFIG_B,1773010800000,9988.162151
PORTFOLIO_AB,CONFIG_A+CONFIG_B,1773014400000,9988.162151
PORTFOLIO_AB,CONFIG_A+CONFIG_B,1773018000000,9988.162151
PORTFOLIO_AB,CONFIG_A+CONFIG_B,1773021600000,9988.162151
PORTFOLIO_AB,CONFIG_A+CONFIG_B,1773025200000,9988.162151
PORTFOLIO_AB,CONFIG_A+CONFIG_B,1773028800000,9988.162151
PORTFOLIO_AB,CONFIG_A+CONFIG_B,1773032400000,9988.162151
PORTFOLIO_AB,CONFIG_A+CONFIG_B,1773036000000,9988.162151
PORTFOLIO_AB,CONFIG_A+CONFIG_B,1773039600000,9988.162151
PORTFOLIO_AB,CONFIG_A+CONFIG_B,1773043200000,9988.162151
PORTFOLIO_AB,CONFIG_A+CONFIG_B,1773046800000,9984.425389
PORTFOLIO_AB,CONFIG_A+CONFIG_B,1773050400000,9970.765334
PORTFOLIO_AB,CONFIG_A+CONFIG_B,1773054000000,9976.511210
PORTFOLIO_AB,CONFIG_A+CONFIG_B,1773057600000,9990.686324
PORTFOLIO_AB,CONFIG_A+CONFIG_B,1773061200000,10020.874427
PORTFOLIO_AB,CONFIG_A+CONFIG_B,1773064800000,10027.303507
PORTFOLIO_AB,CONFIG_A+CONFIG_B,1773068400000,10016.759083
PORTFOLIO_AB,CONFIG_A+CONFIG_B,1773072000000,10020.292696
PORTFOLIO_AB,CONFIG_A+CONFIG_B,1773075600000,10007.126453
PORTFOLIO_AB,CONFIG_A+CONFIG_B,1773079200000,9998.175561
PORTFOLIO_AB,CONFIG_A+CONFIG_B,1773082800000,10021.457990
PORTFOLIO_AB,CONFIG_A+CONFIG_B,1773086400000,10020.350942
PORTFOLIO_AB,CONFIG_A+CONFIG_B,1773090000000,10018.812725
PORTFOLIO_AB,CONFIG_A+CONFIG_B,1773093600000,10008.414833
PORTFOLIO_AB,CONFIG_A+CONFIG_B,1773097200000,10000.951972
PORTFOLIO_AB,CONFIG_A+CONFIG_B,1773100800000,10027.518543
PORTFOLIO_AB,CONFIG_A+CONFIG_B,1773104400000,10031.278547
PORTFOLIO_AB,CONFIG_A+CONFIG_B,1773108000000,10068.351078
PORTFOLIO_AB,CONFIG_A+CONFIG_B,1773111600000,10037.500285
PORTFOLIO_AB,CONFIG_A+CONFIG_B,1773115200000,10061.058559
PORTFOLIO_AB,CONFIG_A+CONFIG_B,1773118800000,10057.336653
PORTFOLIO_AB,CONFIG_A+CONFIG_B,1773122400000,10055.122925
PORTFOLIO_AB,CONFIG_A+CONFIG_B,1773126000000,10073.259891
PORTFOLIO_AB,CONFIG_A+CONFIG_B,1773129600000,10084.372858
PORTFOLIO_AB,CONFIG_A+CONFIG_B,1773133200000,10097.910560
PORTFOLIO_AB,CONFIG_A+CONFIG_B,1773136800000,10086.741910
PORTFOLIO_AB,CONFIG_A+CONFIG_B,1773140400000,10079.668090
PORTFOLIO_AB,CONFIG_A+CONFIG_B,1773144000000,10077.430551
PORTFOLIO_AB,CONFIG_A+CONFIG_B,1773147600000,10055.496947
PORTFOLIO_AB,CONFIG_A+CONFIG_B,1773151200000,10102.501808
PORTFOLIO_AB,CONFIG_A+CONFIG_B,1773154800000,10098.162414
PORTFOLIO_AB,CONFIG_A+CONFIG_B,1773158400000,10095.395404
PORTFOLIO_AB,CONFIG_A+CONFIG_B,1773162000000,10070.682523
PORTFOLIO_AB,CONFIG_A+CONFIG_B,1773165600000,10039.061663
PORTFOLIO_AB,CONFIG_A+CONFIG_B,1773169200000,10040.131808
PORTFOLIO_AB,CONFIG_A+CONFIG_B,1773172800000,10047.034894
PORTFOLIO_AB,CONFIG_A+CONFIG_B,1773176400000,10026.279263
PORTFOLIO_AB,CONFIG_A+CONFIG_B,1773180000000,10026.279263
PORTFOLIO_AB,CONFIG_A+CONFIG_B,1773183600000,10026.279263
PORTFOLIO_AB,CONFIG_A+CONFIG_B,1773187200000,10026.279263
PORTFOLIO_AB,CONFIG_A+CONFIG_B,1773190800000,10026.279263
PORTFOLIO_AB,CONFIG_A+CONFIG_B,1773194400000,10026.279263
PORTFOLIO_AB,CONFIG_A+CONFIG_B,1773198000000,10026.279263
PORTFOLIO_AB,CONFIG_A+CONFIG_B,1773201600000,10026.279263
PORTFOLIO_AB,CONFIG_A+CONFIG_B,1773205200000,10026.279263
PORTFOLIO_AB,CONFIG_A+CONFIG_B,1773208800000,10026.279263
PORTFOLIO_AB,CONFIG_A+CONFIG_B,1773212400000,10026.279263
PORTFOLIO_AB,CONFIG_A+CONFIG_B,1773216000000,10026.279263
PORTFOLIO_AB,CONFIG_A+CONFIG_B,1773219600000,10026.279263
PORTFOLIO_AB,CONFIG_A+CONFIG_B,1773223200000,10026.279263
PORTFOLIO_AB,CONFIG_A+CONFIG_B,1773226800000,10026.279263
PORTFOLIO_AB,CONFIG_A+CONFIG_B,1773230400000,10026.279263
PORTFOLIO_AB,CONFIG_A+CONFIG_B,1773234000000,10026.279263
PORTFOLIO_AB,CONFIG_A+CONFIG_B,1773237600000,10026.279263
PORTFOLIO_AB,CONFIG_A+CONFIG_B,1773241200000,10022.513947
PORTFOLIO_AB,CONFIG_A+CONFIG_B,1773244800000,10031.017201
PORTFOLIO_AB,CONFIG_A+CONFIG_B,1773248400000,10046.324525
PORTFOLIO_AB,CONFIG_A+CONFIG_B,1773252000000,10034.354124
PORTFOLIO_AB,CONFIG_A+CONFIG_B,1773255600000,10036.073425
PORTFOLIO_AB,CONFIG_A+CONFIG_B,1773259200000,10035.585649
PORTFOLIO_AB,CONFIG_A+CONFIG_B,1773262800000,10043.144031
PORTFOLIO_AB,CONFIG_A+CONFIG_B,1773266400000,10016.959891
PORTFOLIO_AB,CONFIG_A+CONFIG_B,1773270000000,10004.079355
PORTFOLIO_AB,CONFIG_A+CONFIG_B,1773273600000,10006.459926
PORTFOLIO_AB,CONFIG_A+CONFIG_B,1773277200000,9977.519925
PORTFOLIO_AB,CONFIG_A+CONFIG_B,1773280800000,9963.755220
PORTFOLIO_AB,CONFIG_A+CONFIG_B,1773284400000,9963.755220
PORTFOLIO_AB,CONFIG_A+CONFIG_B,1773288000000,9963.755220
PORTFOLIO_AB,CONFIG_A+CONFIG_B,1773291600000,9963.755220
PORTFOLIO_AB,CONFIG_A+CONFIG_B,1773295200000,9963.755220
PORTFOLIO_AB,CONFIG_A+CONFIG_B,1773298800000,9963.755220
PORTFOLIO_AB,CONFIG_A+CONFIG_B,1773302400000,9963.755220
PORTFOLIO_AB,CONFIG_A+CONFIG_B,1773306000000,9963.755220
PORTFOLIO_AB,CONFIG_A+CONFIG_B,1773309600000,9963.755220
PORTFOLIO_AB,CONFIG_A+CONFIG_B,1773313200000,9963.755220
PORTFOLIO_AB,CONFIG_A+CONFIG_B,1773316800000,9963.755220
PORTFOLIO_AB,CONFIG_A+CONFIG_B,1773320400000,9963.755220
PORTFOLIO_AB,CONFIG_A+CONFIG_B,1773324000000,9963.755220
PORTFOLIO_AB,CONFIG_A+CONFIG_B,1773327600000,9963.755220
PORTFOLIO_AB,CONFIG_A+CONFIG_B,1773331200000,9963.755220
PORTFOLIO_AB,CONFIG_A+CONFIG_B,1773334800000,9963.755220
PORTFOLIO_AB,CONFIG_A+CONFIG_B,1773338400000,9963.755220
PORTFOLIO_AB,CONFIG_A+CONFIG_B,1773342000000,9963.755220
PORTFOLIO_AB,CONFIG_A+CONFIG_B,1773345600000,9963.755220
PORTFOLIO_AB,CONFIG_A+CONFIG_B,1773349200000,9963.755220
PORTFOLIO_AB,CONFIG_A+CONFIG_B,1773352800000,9963.755220
PORTFOLIO_AB,CONFIG_A+CONFIG_B,1773356400000,9963.755220
PORTFOLIO_AB,CONFIG_A+CONFIG_B,1773360000000,9963.755220
PORTFOLIO_AB,CONFIG_A+CONFIG_B,1773363600000,9963.755220
PORTFOLIO_AB,CONFIG_A+CONFIG_B,1773367200000,9963.755220
PORTFOLIO_AB,CONFIG_A+CONFIG_B,1773370800000,9963.755220
PORTFOLIO_AB,CONFIG_A+CONFIG_B,1773374400000,9963.755220
PORTFOLIO_AB,CONFIG_A+CONFIG_B,1773378000000,9963.755220
PORTFOLIO_AB,CONFIG_A+CONFIG_B,1773381600000,9963.755220
PORTFOLIO_AB,CONFIG_A+CONFIG_B,1773385200000,9963.755220
PORTFOLIO_AB,CONFIG_A+CONFIG_B,1773388800000,9963.755220
PORTFOLIO_AB,CONFIG_A+CONFIG_B,1773392400000,9963.755220
PORTFOLIO_AB,CONFIG_A+CONFIG_B,1773396000000,9963.755220
PORTFOLIO_AB,CONFIG_A+CONFIG_B,1773399600000,9963.755220
PORTFOLIO_AB,CONFIG_A+CONFIG_B,1773403200000,9963.755220
PORTFOLIO_AB,CONFIG_A+CONFIG_B,1773406800000,9963.755220
PORTFOLIO_AB,CONFIG_A+CONFIG_B,1773410400000,9963.755220
PORTFOLIO_AB,CONFIG_A+CONFIG_B,1773414000000,9963.755220
PORTFOLIO_AB,CONFIG_A+CONFIG_B,1773417600000,9963.755220
PORTFOLIO_AB,CONFIG_A+CONFIG_B,1773421200000,9963.755220
PORTFOLIO_AB,CONFIG_A+CONFIG_B,1773424800000,9963.755220
PORTFOLIO_AB,CONFIG_A+CONFIG_B,1773428400000,9963.755220
PORTFOLIO_AB,CONFIG_A+CONFIG_B,1773432000000,9963.755220
PORTFOLIO_AB,CONFIG_A+CONFIG_B,1773435600000,9963.755220
PORTFOLIO_AB,CONFIG_A+CONFIG_B,1773439200000,9963.755220
PORTFOLIO_AB,CONFIG_A+CONFIG_B,1773442800000,9963.755220
PORTFOLIO_AB,CONFIG_A+CONFIG_B,1773446400000,9963.755220
PORTFOLIO_AB,CONFIG_A+CONFIG_B,1773450000000,9963.755220
PORTFOLIO_AB,CONFIG_A+CONFIG_B,1773453600000,9963.755220
PORTFOLIO_AB,CONFIG_A+CONFIG_B,1773457200000,9963.755220
PORTFOLIO_AB,CONFIG_A+CONFIG_B,1773460800000,9963.755220
PORTFOLIO_AB,CONFIG_A+CONFIG_B,1773464400000,9963.755220
PORTFOLIO_AB,CONFIG_A+CONFIG_B,1773468000000,9963.755220
PORTFOLIO_AB,CONFIG_A+CONFIG_B,1773471600000,9963.755220
PORTFOLIO_AB,CONFIG_A+CONFIG_B,1773475200000,9963.755220
PORTFOLIO_AB,CONFIG_A+CONFIG_B,1773478800000,9963.755220
PORTFOLIO_AB,CONFIG_A+CONFIG_B,1773482400000,9963.755220
PORTFOLIO_AB,CONFIG_A+CONFIG_B,1773486000000,9963.755220
PORTFOLIO_AB,CONFIG_A+CONFIG_B,1773489600000,9963.755220
PORTFOLIO_AB,CONFIG_A+CONFIG_B,1773493200000,9963.755220
PORTFOLIO_AB,CONFIG_A+CONFIG_B,1773496800000,9963.755220
PORTFOLIO_AB,CONFIG_A+CONFIG_B,1773500400000,9963.755220
PORTFOLIO_AB,CONFIG_A+CONFIG_B,1773504000000,9963.755220
PORTFOLIO_AB,CONFIG_A+CONFIG_B,1773507600000,9963.755220
PORTFOLIO_AB,CONFIG_A+CONFIG_B,1773511200000,9963.755220
PORTFOLIO_AB,CONFIG_A+CONFIG_B,1773514800000,9963.755220
PORTFOLIO_AB,CONFIG_A+CONFIG_B,1773518400000,9963.755220
PORTFOLIO_AB,CONFIG_A+CONFIG_B,1773522000000,9963.755220
PORTFOLIO_AB,CONFIG_A+CONFIG_B,1773525600000,9963.755220
PORTFOLIO_AB,CONFIG_A+CONFIG_B,1773529200000,9960.032949
PORTFOLIO_AB,CONFIG_A+CONFIG_B,1773532800000,9952.136837
PORTFOLIO_AB,CONFIG_A+CONFIG_B,1773536400000,9952.155997
PORTFOLIO_AB,CONFIG_A+CONFIG_B,1773540000000,9968.343948
PORTFOLIO_AB,CONFIG_A+CONFIG_B,1773543600000,9965.299693
PORTFOLIO_AB,CONFIG_A+CONFIG_B,1773547200000,9973.770935
PORTFOLIO_AB,CONFIG_A+CONFIG_B,1773550800000,9969.707749
PORTFOLIO_AB,CONFIG_A+CONFIG_B,1773554400000,9968.618450
PORTFOLIO_AB,CONFIG_A+CONFIG_B,1773558000000,9968.450544
PORTFOLIO_AB,CONFIG_A+CONFIG_B,1773561600000,9977.643921
PORTFOLIO_AB,CONFIG_A+CONFIG_B,1773565200000,9980.207797
PORTFOLIO_AB,CONFIG_A+CONFIG_B,1773568800000,9979.928766
PORTFOLIO_AB,CONFIG_A+CONFIG_B,1773572400000,9981.891037
PORTFOLIO_AB,CONFIG_A+CONFIG_B,1773576000000,9973.910624
PORTFOLIO_AB,CONFIG_A+CONFIG_B,1773579600000,9973.813434
PORTFOLIO_AB,CONFIG_A+CONFIG_B,1773583200000,9974.318197
PORTFOLIO_AB,CONFIG_A+CONFIG_B,1773586800000,9969.413739
PORTFOLIO_AB,CONFIG_A+CONFIG_B,1773590400000,9967.884819
PORTFOLIO_AB,CONFIG_A+CONFIG_B,1773594000000,9981.212794
PORTFOLIO_AB,CONFIG_A+CONFIG_B,1773597600000,9966.253832
PORTFOLIO_AB,CONFIG_A+CONFIG_B,1773601200000,9971.806922
PORTFOLIO_AB,CONFIG_A+CONFIG_B,1773604800000,9978.107578
PORTFOLIO_AB,CONFIG_A+CONFIG_B,1773608400000,9991.302134
PORTFOLIO_AB,CONFIG_A+CONFIG_B,1773612000000,10013.591832
PORTFOLIO_AB,CONFIG_A+CONFIG_B,1773615600000,10015.883993
PORTFOLIO_AB,CONFIG_A+CONFIG_B,1773619200000,10005.991472
PORTFOLIO_AB,CONFIG_A+CONFIG_B,1773622800000,10013.712362
PORTFOLIO_AB,CONFIG_A+CONFIG_B,1773626400000,10005.414252
PORTFOLIO_AB,CONFIG_A+CONFIG_B,1773630000000,10042.291916
PORTFOLIO_AB,CONFIG_A+CONFIG_B,1773633600000,10051.429208
PORTFOLIO_AB,CONFIG_A+CONFIG_B,1773637200000,10064.383401
PORTFOLIO_AB,CONFIG_A+CONFIG_B,1773640800000,10047.205083
PORTFOLIO_AB,CONFIG_A+CONFIG_B,1773644400000,10038.228730
PORTFOLIO_AB,CONFIG_A+CONFIG_B,1773648000000,10027.022919
PORTFOLIO_AB,CONFIG_A+CONFIG_B,1773651600000,10031.409377
PORTFOLIO_AB,CONFIG_A+CONFIG_B,1773655200000,10049.610807
PORTFOLIO_AB,CONFIG_A+CONFIG_B,1773658800000,10041.576051
PORTFOLIO_AB,CONFIG_A+CONFIG_B,1773662400000,10052.445701
PORTFOLIO_AB,CONFIG_A+CONFIG_B,1773666000000,10060.971634
PORTFOLIO_AB,CONFIG_A+CONFIG_B,1773669600000,10042.020898
PORTFOLIO_AB,CONFIG_A+CONFIG_B,1773673200000,10031.891497
PORTFOLIO_AB,CONFIG_A+CONFIG_B,1773676800000,10048.816911
PORTFOLIO_AB,CONFIG_A+CONFIG_B,1773680400000,10055.176090
PORTFOLIO_AB,CONFIG_A+CONFIG_B,1773684000000,10054.145663
PORTFOLIO_AB,CONFIG_A+CONFIG_B,1773687600000,10055.866525
PORTFOLIO_AB,CONFIG_A+CONFIG_B,1773691200000,10065.407906
PORTFOLIO_AB,CONFIG_A+CONFIG_B,1773694800000,10071.136915
PORTFOLIO_AB,CONFIG_A+CONFIG_B,1773698400000,10081.461960
PORTFOLIO_AB,CONFIG_A+CONFIG_B,1773702000000,10081.461960
PORTFOLIO_AB,CONFIG_A+CONFIG_B,1773705600000,10081.461960
PORTFOLIO_AB,CONFIG_A+CONFIG_B,1773709200000,10081.461960
PORTFOLIO_AB,CONFIG_A+CONFIG_B,1773712800000,10081.461960
PORTFOLIO_AB,CONFIG_A+CONFIG_B,1773716400000,10081.461960
PORTFOLIO_AB,CONFIG_A+CONFIG_B,1773720000000,10081.461960
PORTFOLIO_AB,CONFIG_A+CONFIG_B,1773723600000,10081.461960
PORTFOLIO_AB,CONFIG_A+CONFIG_B,1773727200000,10081.461960
PORTFOLIO_AB,CONFIG_A+CONFIG_B,1773730800000,10081.461960
PORTFOLIO_AB,CONFIG_A+CONFIG_B,1773734400000,10081.461960
PORTFOLIO_AB,CONFIG_A+CONFIG_B,1773738000000,10081.461960
PORTFOLIO_AB,CONFIG_A+CONFIG_B,1773741600000,10081.461960
PORTFOLIO_AB,CONFIG_A+CONFIG_B,1773745200000,10081.461960
PORTFOLIO_AB,CONFIG_A+CONFIG_B,1773748800000,10081.461960
PORTFOLIO_AB,CONFIG_A+CONFIG_B,1773752400000,10081.461960
PORTFOLIO_AB,CONFIG_A+CONFIG_B,1773756000000,10081.461960
PORTFOLIO_AB,CONFIG_A+CONFIG_B,1773759600000,10081.461960
PORTFOLIO_AB,CONFIG_A+CONFIG_B,1773763200000,10081.461960
PORTFOLIO_AB,CONFIG_A+CONFIG_B,1773766800000,10081.461960
PORTFOLIO_AB,CONFIG_A+CONFIG_B,1773770400000,10081.461960
PORTFOLIO_AB,CONFIG_A+CONFIG_B,1773774000000,10081.461960
PORTFOLIO_AB,CONFIG_A+CONFIG_B,1773777600000,10081.461960
PORTFOLIO_AB,CONFIG_A+CONFIG_B,1773781200000,10081.461960
PORTFOLIO_AB,CONFIG_A+CONFIG_B,1773784800000,10081.461960
PORTFOLIO_AB,CONFIG_A+CONFIG_B,1773788400000,10081.461960
PORTFOLIO_AB,CONFIG_A+CONFIG_B,1773792000000,10081.461960
PORTFOLIO_AB,CONFIG_A+CONFIG_B,1773795600000,10081.461960
PORTFOLIO_AB,CONFIG_A+CONFIG_B,1773799200000,10081.461960
PORTFOLIO_AB,CONFIG_A+CONFIG_B,1773802800000,10081.461960
PORTFOLIO_AB,CONFIG_A+CONFIG_B,1773806400000,10081.461960
PORTFOLIO_AB,CONFIG_A+CONFIG_B,1773810000000,10081.461960
PORTFOLIO_AB,CONFIG_A+CONFIG_B,1773813600000,10081.461960
PORTFOLIO_AB,CONFIG_A+CONFIG_B,1773817200000,10081.461960
PORTFOLIO_AB,CONFIG_A+CONFIG_B,1773820800000,10081.461960
PORTFOLIO_AB,CONFIG_A+CONFIG_B,1773824400000,10081.461960
PORTFOLIO_AB,CONFIG_A+CONFIG_B,1773828000000,10081.461960
PORTFOLIO_AB,CONFIG_A+CONFIG_B,1773831600000,10081.461960
PORTFOLIO_AB,CONFIG_A+CONFIG_B,1773835200000,10081.461960
PORTFOLIO_AB,CONFIG_A+CONFIG_B,1773838800000,10081.461960
PORTFOLIO_AB,CONFIG_A+CONFIG_B,1773842400000,10081.461960
PORTFOLIO_AB,CONFIG_A+CONFIG_B,1773846000000,10081.461960
PORTFOLIO_AB,CONFIG_A+CONFIG_B,1773849600000,10081.461960
PORTFOLIO_AB,CONFIG_A+CONFIG_B,1773853200000,10081.461960
PORTFOLIO_AB,CONFIG_A+CONFIG_B,1773856800000,10081.461960
PORTFOLIO_AB,CONFIG_A+CONFIG_B,1773860400000,10081.461960
PORTFOLIO_AB,CONFIG_A+CONFIG_B,1773864000000,10081.461960
PORTFOLIO_AB,CONFIG_A+CONFIG_B,1773867600000,10081.461960
PORTFOLIO_AB,CONFIG_A+CONFIG_B,1773871200000,10081.461960
PORTFOLIO_AB,CONFIG_A+CONFIG_B,1773874800000,10081.461960
PORTFOLIO_AB,CONFIG_A+CONFIG_B,1773878400000,10081.461960
PORTFOLIO_AB,CONFIG_A+CONFIG_B,1773882000000,10081.461960
PORTFOLIO_AB,CONFIG_A+CONFIG_B,1773885600000,10081.461960
PORTFOLIO_AB,CONFIG_A+CONFIG_B,1773889200000,10081.461960
PORTFOLIO_AB,CONFIG_A+CONFIG_B,1773892800000,10081.461960
PORTFOLIO_AB,CONFIG_A+CONFIG_B,1773896400000,10081.461960
PORTFOLIO_AB,CONFIG_A+CONFIG_B,1773900000000,10081.461960
PORTFOLIO_AB,CONFIG_A+CONFIG_B,1773903600000,10081.461960
PORTFOLIO_AB,CONFIG_A+CONFIG_B,1773907200000,10081.461960
PORTFOLIO_AB,CONFIG_A+CONFIG_B,1773910800000,10081.461960
PORTFOLIO_AB,CONFIG_A+CONFIG_B,1773914400000,10081.461960
PORTFOLIO_AB,CONFIG_A+CONFIG_B,1773918000000,10081.461960
PORTFOLIO_AB,CONFIG_A+CONFIG_B,1773921600000,10081.461960
PORTFOLIO_AB,CONFIG_A+CONFIG_B,1773925200000,10081.461960
PORTFOLIO_AB,CONFIG_A+CONFIG_B,1773928800000,10081.461960
PORTFOLIO_AB,CONFIG_A+CONFIG_B,1773932400000,10081.461960
PORTFOLIO_AB,CONFIG_A+CONFIG_B,1773936000000,10081.461960
PORTFOLIO_AB,CONFIG_A+CONFIG_B,1773939600000,10081.461960
PORTFOLIO_AB,CONFIG_A+CONFIG_B,1773943200000,10081.461960
PORTFOLIO_AB,CONFIG_A+CONFIG_B,1773946800000,10081.461960
PORTFOLIO_AB,CONFIG_A+CONFIG_B,1773950400000,10081.461960
PORTFOLIO_AB,CONFIG_A+CONFIG_B,1773954000000,10081.461960
PORTFOLIO_AB,CONFIG_A+CONFIG_B,1773957600000,10081.461960
PORTFOLIO_AB,CONFIG_A+CONFIG_B,1773961200000,10081.461960
PORTFOLIO_AB,CONFIG_A+CONFIG_B,1773964800000,10081.461960
PORTFOLIO_AB,CONFIG_A+CONFIG_B,1773968400000,10081.461960
PORTFOLIO_AB,CONFIG_A+CONFIG_B,1773972000000,10081.461960
PORTFOLIO_AB,CONFIG_A+CONFIG_B,1773975600000,10081.461960
PORTFOLIO_AB,CONFIG_A+CONFIG_B,1773979200000,10081.461960
PORTFOLIO_AB,CONFIG_A+CONFIG_B,1773982800000,10081.461960
PORTFOLIO_AB,CONFIG_A+CONFIG_B,1773986400000,10081.461960
PORTFOLIO_AB,CONFIG_A+CONFIG_B,1773990000000,10081.461960
PORTFOLIO_AB,CONFIG_A+CONFIG_B,1773993600000,10081.461960
PORTFOLIO_AB,CONFIG_A+CONFIG_B,1773997200000,10081.461960
PORTFOLIO_AB,CONFIG_A+CONFIG_B,1774000800000,10081.461960
PORTFOLIO_AB,CONFIG_A+CONFIG_B,1774004400000,10081.461960
PORTFOLIO_AB,CONFIG_A+CONFIG_B,1774008000000,10081.461960
PORTFOLIO_AB,CONFIG_A+CONFIG_B,1774011600000,10081.461960
PORTFOLIO_AB,CONFIG_A+CONFIG_B,1774015200000,10081.461960
PORTFOLIO_AB,CONFIG_A+CONFIG_B,1774018800000,10081.461960
PORTFOLIO_AB,CONFIG_A+CONFIG_B,1774022400000,10081.461960
PORTFOLIO_AB,CONFIG_A+CONFIG_B,1774026000000,10081.461960
PORTFOLIO_AB,CONFIG_A+CONFIG_B,1774029600000,10081.461960
PORTFOLIO_AB,CONFIG_A+CONFIG_B,1774033200000,10081.461960
PORTFOLIO_AB,CONFIG_A+CONFIG_B,1774036800000,10081.461960
PORTFOLIO_AB,CONFIG_A+CONFIG_B,1774040400000,10081.461960
PORTFOLIO_AB,CONFIG_A+CONFIG_B,1774044000000,10081.461960
PORTFOLIO_AB,CONFIG_A+CONFIG_B,1774047600000,10081.461960
PORTFOLIO_AB,CONFIG_A+CONFIG_B,1774051200000,10077.651511
PORTFOLIO_AB,CONFIG_A+CONFIG_B,1774054800000,10069.833630
PORTFOLIO_AB,CONFIG_A+CONFIG_B,1774058400000,10079.642269
PORTFOLIO_AB,CONFIG_A+CONFIG_B,1774062000000,10076.759066
PORTFOLIO_AB,CONFIG_A+CONFIG_B,1774065600000,10076.212245
PORTFOLIO_AB,CONFIG_A+CONFIG_B,1774069200000,10078.217374
PORTFOLIO_AB,CONFIG_A+CONFIG_B,1774072800000,10080.973392
PORTFOLIO_AB,CONFIG_A+CONFIG_B,1774076400000,10079.273290
PORTFOLIO_AB,CONFIG_A+CONFIG_B,1774080000000,10074.498491
PORTFOLIO_AB,CONFIG_A+CONFIG_B,1774083600000,10076.911399
PORTFOLIO_AB,CONFIG_A+CONFIG_B,1774087200000,10074.901241
PORTFOLIO_AB,CONFIG_A+CONFIG_B,1774090800000,10076.592720
PORTFOLIO_AB,CONFIG_A+CONFIG_B,1774094400000,10079.103711
PORTFOLIO_AB,CONFIG_A+CONFIG_B,1774098000000,10079.734962
PORTFOLIO_AB,CONFIG_A+CONFIG_B,1774101600000,10075.744106
PORTFOLIO_AB,CONFIG_A+CONFIG_B,1774105200000,10075.777160
PORTFOLIO_AB,CONFIG_A+CONFIG_B,1774108800000,10060.192511
PORTFOLIO_AB,CONFIG_A+CONFIG_B,1774112400000,10060.192511
PORTFOLIO_AB,CONFIG_A+CONFIG_B,1774116000000,10060.192511
PORTFOLIO_AB,CONFIG_A+CONFIG_B,1774119600000,10060.192511
PORTFOLIO_AB,CONFIG_A+CONFIG_B,1774123200000,10060.192511
PORTFOLIO_AB,CONFIG_A+CONFIG_B,1774126800000,10060.192511
PORTFOLIO_AB,CONFIG_A+CONFIG_B,1774130400000,10060.192511
PORTFOLIO_AB,CONFIG_A+CONFIG_B,1774134000000,10060.192511
PORTFOLIO_AB,CONFIG_A+CONFIG_B,1774137600000,10060.192511
PORTFOLIO_AB,CONFIG_A+CONFIG_B,1774141200000,10060.192511
PORTFOLIO_AB,CONFIG_A+CONFIG_B,1774144800000,10060.192511
PORTFOLIO_AB,CONFIG_A+CONFIG_B,1774148400000,10060.192511
PORTFOLIO_AB,CONFIG_A+CONFIG_B,1774152000000,10060.192511
PORTFOLIO_AB,CONFIG_A+CONFIG_B,1774155600000,10060.192511
PORTFOLIO_AB,CONFIG_A+CONFIG_B,1774159200000,10060.192511
PORTFOLIO_AB,CONFIG_A+CONFIG_B,1774162800000,10060.192511
PORTFOLIO_AB,CONFIG_A+CONFIG_B,1774166400000,10060.192511
PORTFOLIO_AB,CONFIG_A+CONFIG_B,1774170000000,10060.192511
PORTFOLIO_AB,CONFIG_A+CONFIG_B,1774173600000,10060.192511
PORTFOLIO_AB,CONFIG_A+CONFIG_B,1774177200000,10060.192511
PORTFOLIO_AB,CONFIG_A+CONFIG_B,1774180800000,10060.192511
PORTFOLIO_AB,CONFIG_A+CONFIG_B,1774184400000,10060.192511
PORTFOLIO_AB,CONFIG_A+CONFIG_B,1774188000000,10060.192511
PORTFOLIO_AB,CONFIG_A+CONFIG_B,1774191600000,10060.192511
PORTFOLIO_AB,CONFIG_A+CONFIG_B,1774195200000,10060.192511
PORTFOLIO_AB,CONFIG_A+CONFIG_B,1774198800000,10060.192511
PORTFOLIO_AB,CONFIG_A+CONFIG_B,1774202400000,10060.192511
PORTFOLIO_AB,CONFIG_A+CONFIG_B,1774206000000,10060.192511
PORTFOLIO_AB,CONFIG_A+CONFIG_B,1774209600000,10060.192511
PORTFOLIO_AB,CONFIG_A+CONFIG_B,1774213200000,10060.192511
PORTFOLIO_AB,CONFIG_A+CONFIG_B,1774216800000,10060.192511
PORTFOLIO_AB,CONFIG_A+CONFIG_B,1774220400000,10060.192511
PORTFOLIO_AB,CONFIG_A+CONFIG_B,1774224000000,10060.192511
PORTFOLIO_AB,CONFIG_A+CONFIG_B,1774227600000,10060.192511
PORTFOLIO_AB,CONFIG_A+CONFIG_B,1774231200000,10060.192511
PORTFOLIO_AB,CONFIG_A+CONFIG_B,1774234800000,10060.192511
PORTFOLIO_AB,CONFIG_A+CONFIG_B,1774238400000,10060.192511
PORTFOLIO_AB,CONFIG_A+CONFIG_B,1774242000000,10060.192511
PORTFOLIO_AB,CONFIG_A+CONFIG_B,1774245600000,10060.192511
PORTFOLIO_AB,CONFIG_A+CONFIG_B,1774249200000,10060.192511
PORTFOLIO_AB,CONFIG_A+CONFIG_B,1774252800000,10060.192511
PORTFOLIO_AB,CONFIG_A+CONFIG_B,1774256400000,10060.192511
PORTFOLIO_AB,CONFIG_A+CONFIG_B,1774260000000,10060.192511
PORTFOLIO_AB,CONFIG_A+CONFIG_B,1774263600000,10060.192511
PORTFOLIO_AB,CONFIG_A+CONFIG_B,1774267200000,10056.397996
PORTFOLIO_AB,CONFIG_A+CONFIG_B,1774270800000,10082.453309
PORTFOLIO_AB,CONFIG_A+CONFIG_B,1774274400000,10081.214129
PORTFOLIO_AB,CONFIG_A+CONFIG_B,1774278000000,10034.213914
PORTFOLIO_AB,CONFIG_A+CONFIG_B,1774281600000,10049.585184
PORTFOLIO_AB,CONFIG_A+CONFIG_B,1774285200000,10068.300490
PORTFOLIO_AB,CONFIG_A+CONFIG_B,1774288800000,10067.980955
PORTFOLIO_AB,CONFIG_A+CONFIG_B,1774292400000,10057.454656
